league,season,team,player,pos,age,Playing Time_Min,Playing Time_90s,Performance_Gls,Performance_Ast,Per 90 Minutes_Gls,Per 90 Minutes_Ast,Standard_Sh,Standard_SoT,Standard_SoT%,Standard_Sh/90,Standard_SoT/90,Standard_G/Sh,Performance_Int,Performance_TklW,Performance_Fls,Performance_Fld,Int_p90,TklW_p90,pct_Playing Time_Min,pct_Playing Time_90s,pct_Performance_Gls,pct_Performance_Ast,pct_Per 90 Minutes_Gls,pct_Per 90 Minutes_Ast,pct_Standard_Sh,pct_Standard_SoT,pct_Standard_SoT%,pct_Standard_Sh/90,pct_Standard_SoT/90,pct_Standard_G/Sh,pct_Performance_Int,pct_Performance_TklW,pct_Performance_Fls,pct_Performance_Fld,pct_Int_p90,pct_TklW_p90
ENG-Premier League,2425,Arsenal,Ben White,DF,26,1198,13.3,0,2,0.0,0.15,9,2,22.2,0.68,0.15,0.0,16,15,10,5,1.2030075187969924,1.1278195488721805,41.3,41.3,28.7,84.8,28.7,88.1,53.5,46.5,38.7,73.9,57.1,28.1,50.6,45.2,39.4,31.0,76.1,58.1
ENG-Premier League,2425,Arsenal,Bukayo Saka,FW,22,1729,19.2,6,10,0.31,0.52,67,23,34.3,3.49,1.2,0.07,3,15,15,39,0.15625,0.78125,55.4,55.4,51.8,98.2,41.1,99.1,78.6,68.8,23.2,87.5,75.0,21.4,46.4,83.0,44.6,87.5,32.1,80.4
ENG-Premier League,2425,Arsenal,David Raya,GK,28,3420,38.0,0,0,0.0,0.0,0,0,,0.0,0.0,,0,0,1,10,0.0,0.0,94.1,94.1,51.5,44.1,51.5,44.1,48.5,51.5,,48.5,51.5,,41.2,33.8,73.5,100.0,41.2,33.8
ENG-Premier League,2425,Arsenal,Declan Rice,MF,25,2825,31.4,4,7,0.13,0.22,48,15,31.3,1.53,0.48,0.08,27,23,21,16,0.8598726114649682,0.7324840764331211,88.0,88.0,74.0,92.2,54.2,81.2,83.9,78.1,45.3,53.1,52.1,53.9,87.5,63.3,54.2,36.7,64.1,26.0
ENG-Premier League,2425,Arsenal,Ethan Nwaneri,FW,17,895,9.9,4,2,0.4,0.2,24,9,37.5,2.41,0.91,0.17,3,6,10,5,0.30303030303030304,0.6060606060606061,32.1,32.1,43.8,50.9,53.6,74.1,32.1,33.9,38.4,51.8,39.3,74.1,46.4,38.4,25.0,10.7,73.2,64.3
ENG-Premier League,2425,Arsenal,Gabriel Jesus,FW,27,608,6.8,3,0,0.44,0.0,20,8,40.0,2.96,1.18,0.15,5,6,14,10,0.7352941176470589,0.8823529411764706,21.4,21.4,34.8,10.7,69.6,10.7,28.6,29.5,52.7,76.8,68.8,63.4,71.4,38.4,40.2,26.8,100.0,85.7
ENG-Premier League,2425,Arsenal,Gabriel Magalhães,DF,26,2363,26.3,3,1,0.11,0.04,22,5,22.7,0.84,0.19,0.14,16,15,19,19,0.6083650190114068,0.5703422053231939,71.0,71.3,95.5,66.1,91.3,64.2,90.0,79.4,40.1,85.2,69.4,83.1,50.6,45.2,66.1,75.5,18.7,12.9
ENG-Premier League,2425,Arsenal,Gabriel Martinelli,FW,23,2290,25.4,8,4,0.31,0.16,56,25,44.6,2.2,0.98,0.14,4,15,16,21,0.15748031496062992,0.5905511811023623,73.2,73.2,62.5,77.7,41.1,61.6,66.1,73.2,71.4,40.2,45.5,56.2,58.0,83.0,49.1,55.4,33.9,62.5
ENG-Premier League,2425,Arsenal,Jakub Kiwior,DF,24,1122,12.5,1,0,0.08,0.0,3,1,33.3,0.24,0.08,0.33,6,8,10,4,0.48,0.64,37.4,37.7,68.4,26.8,84.2,26.8,22.6,30.3,65.6,16.8,34.2,96.0,21.3,25.8,39.4,23.9,9.0,16.1
ENG-Premier League,2425,Arsenal,Jorginho,MF,32,704,7.8,0,0,0.0,0.0,2,0,0.0,0.26,0.0,0.0,7,4,15,17,0.8974358974358975,0.5128205128205129,16.1,15.9,13.0,12.8,13.0,12.8,2.1,2.9,2.9,2.1,2.9,13.3,32.0,7.6,34.1,38.5,65.9,11.2
ENG-Premier League,2425,Arsenal,Jurriën Timber,DF,23,2417,26.9,1,3,0.04,0.11,14,4,28.6,0.52,0.15,0.07,24,36,30,29,0.892193308550186,1.338289962825279,72.9,72.9,68.4,92.9,65.8,84.2,72.3,72.9,54.6,59.4,57.1,65.9,72.3,86.5,90.6,88.1,47.7,70.3
ENG-Premier League,2425,Arsenal,Kai Havertz,FW,25,1875,20.8,9,3,0.43,0.14,53,21,39.6,2.54,1.01,0.17,5,8,38,23,0.24038461538461536,0.3846153846153846,58.9,58.9,70.5,65.2,66.1,56.2,60.7,63.4,48.2,57.1,48.2,74.1,71.4,56.2,92.9,61.6,58.9,28.6
ENG-Premier League,2425,Arsenal,Leandro Trossard,FW,29,2546,28.3,8,7,0.28,0.25,72,22,30.6,2.55,0.78,0.11,10,18,27,46,0.35335689045936397,0.6360424028268551,83.9,83.9,62.5,92.9,33.9,83.9,87.5,66.1,16.1,59.8,28.6,38.4,96.4,92.9,69.6,92.9,82.1,67.9
ENG-Premier League,2425,Arsenal,Martin Ødegaard,MF,25,2325,25.8,3,8,0.12,0.31,49,17,34.7,1.9,0.66,0.04,6,8,12,23,0.23255813953488372,0.31007751937984496,73.4,73.2,64.8,96.1,50.8,91.7,84.6,82.8,59.1,69.5,66.7,29.4,26.8,19.5,25.8,54.9,9.4,3.1
ENG-Premier League,2425,Arsenal,Mikel Merino,MF,28,1586,17.6,7,2,0.4,0.11,38,15,39.5,2.16,0.85,0.18,16,28,41,23,0.9090909090909091,1.5909090909090908,44.8,44.8,88.5,54.2,92.7,49.2,74.2,78.1,73.2,77.9,78.9,90.9,67.7,71.9,82.3,54.9,68.2,79.7
ENG-Premier League,2425,Arsenal,Myles Lewis-Skelly,DF,17,1369,15.2,1,0,0.07,0.0,3,1,33.3,0.2,0.07,0.33,7,13,11,47,0.46052631578947373,0.8552631578947368,44.5,44.5,68.4,26.8,81.3,26.8,22.6,30.3,65.6,12.6,31.3,96.0,25.2,40.3,43.2,99.0,7.7,38.1
ENG-Premier League,2425,Arsenal,Oleksandr Zinchenko,DF,27,527,5.9,0,1,0.0,0.17,10,0,0.0,1.71,0.0,0.0,5,0,8,3,0.847457627118644,0.0,16.8,17.4,28.7,66.1,28.7,91.3,58.7,11.3,10.3,99.7,11.3,28.1,17.4,0.6,28.1,17.4,42.6,0.6
ENG-Premier League,2425,Arsenal,Raheem Sterling,FW,29,499,5.5,0,2,0.0,0.36,11,0,0.0,1.98,0.0,0.0,1,4,12,8,0.18181818181818182,0.7272727272727273,16.1,16.1,5.4,50.9,5.4,91.1,11.6,2.7,2.7,26.8,2.7,5.4,20.5,23.2,33.9,20.5,46.4,78.6
ENG-Premier League,2425,Arsenal,Riccardo Calafiori,DF,22,983,10.9,2,1,0.18,0.09,10,6,60.0,0.92,0.55,0.2,8,18,15,6,0.7339449541284403,1.6513761467889907,29.7,29.7,86.5,66.1,95.5,79.4,58.7,85.5,94.7,88.4,100.0,88.4,29.0,51.3,52.9,36.1,30.3,87.7
ENG-Premier League,2425,Arsenal,Thomas Partey,MF,31,2797,31.1,4,2,0.13,0.06,26,9,34.6,0.84,0.29,0.15,35,53,44,31,1.12540192926045,1.7041800643086815,85.9,86.2,74.0,54.2,54.2,33.1,56.5,60.2,58.3,25.0,33.3,84.1,94.5,94.5,85.9,71.4,81.2,84.4
ENG-Premier League,2425,Arsenal,William Saliba,DF,23,3039,33.8,2,0,0.06,0.0,6,3,50.0,0.18,0.09,0.33,22,34,28,17,0.6508875739644971,1.0059171597633136,88.4,88.4,86.5,26.8,76.8,26.8,42.9,61.9,88.1,8.7,36.8,96.0,66.8,83.2,88.1,72.9,21.3,51.0
ENG-Premier League,2425,Aston Villa,Amadou Onana,MF,22,1617,18.0,3,0,0.17,0.0,17,6,35.3,0.95,0.33,0.18,26,29,32,30,1.4444444444444444,1.6111111111111112,46.4,46.6,64.8,12.8,63.5,12.8,38.5,42.4,59.9,29.7,37.2,90.9,84.9,73.4,72.4,69.5,92.7,81.2
ENG-Premier League,2425,Aston Villa,Andrés García,DF,21,318,3.5,0,0,0.0,0.0,2,0,0.0,0.57,0.0,0.0,2,5,1,0,0.5714285714285714,1.4285714285714286,1.9,1.6,28.7,26.8,28.7,26.8,15.5,11.3,10.3,65.5,11.3,28.1,3.2,11.3,0.6,1.6,16.1,76.8
ENG-Premier League,2425,Aston Villa,Axel Disasi,DF,26,490,5.4,0,0,0.0,0.0,2,0,0.0,0.37,0.0,0.0,4,5,3,2,0.7407407407407407,0.9259259259259258,13.5,13.2,28.7,26.8,28.7,26.8,15.5,11.3,10.3,35.2,11.3,28.1,11.9,11.3,7.4,11.0,31.6,44.2
ENG-Premier League,2425,Aston Villa,Boubacar Kamara,MF,24,1726,19.2,1,0,0.05,0.0,10,3,30.0,0.52,0.16,0.1,16,23,29,35,0.8333333333333334,1.1979166666666667,51.6,51.6,36.2,12.8,31.2,12.8,18.2,22.7,40.4,8.9,19.8,64.3,67.7,63.3,66.7,77.3,63.0,56.8
ENG-Premier League,2425,Aston Villa,Diego Carlos,DF,31,830,9.2,0,0,0.0,0.0,4,1,25.0,0.43,0.11,0.0,5,2,11,1,0.5434782608695653,0.2173913043478261,22.6,22.3,28.7,26.8,28.7,26.8,28.1,30.3,45.4,43.2,43.9,28.1,17.4,2.6,43.2,4.8,13.5,1.3
ENG-Premier League,2425,Aston Villa,Donyell Malen,MF,25,305,3.4,3,0,0.89,0.0,15,9,60.0,4.43,2.66,0.2,0,4,1,5,0.0,1.1764705882352942,0.5,0.8,64.8,12.8,100.0,12.8,33.6,60.2,97.4,99.5,100.0,95.6,1.0,7.6,1.3,9.4,1.0,54.7
ENG-Premier League,2425,Aston Villa,Emiliano Martínez,GK,31,3194,35.5,0,0,0.0,0.0,0,0,,0.0,0.0,,0,3,2,5,0.0,0.08450704225352113,79.4,79.4,51.5,44.1,51.5,44.1,48.5,51.5,,48.5,51.5,,41.2,97.1,91.2,83.8,41.2,91.2
ENG-Premier League,2425,Aston Villa,Ezri Konsa,DF,26,2936,32.6,2,0,0.06,0.0,11,5,45.5,0.34,0.15,0.18,24,20,9,47,0.7361963190184049,0.6134969325153374,85.8,85.5,86.5,26.8,76.8,26.8,63.9,79.4,80.8,29.7,57.1,86.4,72.3,58.1,34.5,99.0,31.0,13.9
ENG-Premier League,2425,Aston Villa,Ian Maatsen,DF,22,1139,12.7,1,2,0.08,0.16,19,5,26.3,1.5,0.4,0.05,18,18,11,9,1.4173228346456694,1.4173228346456694,38.7,38.7,68.4,84.8,84.2,89.7,85.5,79.4,47.7,98.7,96.1,60.3,54.8,51.3,43.2,48.1,87.1,76.1
ENG-Premier League,2425,Aston Villa,Jacob Ramsey,MF,23,1623,18.0,1,3,0.06,0.17,19,4,21.1,1.05,0.22,0.05,8,15,13,28,0.4444444444444444,0.8333333333333334,46.9,46.6,36.2,67.4,34.1,68.2,43.2,29.7,20.3,33.3,25.0,34.1,38.0,41.4,29.2,67.2,27.9,35.9
ENG-Premier League,2425,Aston Villa,Jaden Philogene Bidace,MF,22,332,3.7,0,0,0.0,0.0,7,0,0.0,1.9,0.0,0.0,3,5,13,8,0.8108108108108107,1.3513513513513513,2.1,2.1,13.0,12.8,13.0,12.8,11.2,2.9,2.9,69.5,2.9,13.3,12.0,12.5,29.2,16.7,62.5,67.2
ENG-Premier League,2425,Aston Villa,John McGinn,MF,29,2223,24.7,1,4,0.04,0.16,31,5,16.1,1.26,0.2,0.03,11,23,43,69,0.4453441295546559,0.9311740890688259,69.5,69.8,36.2,76.3,28.6,65.4,63.3,36.5,12.0,43.5,22.4,27.6,52.9,63.3,84.6,99.0,28.6,39.6
ENG-Premier League,2425,Aston Villa,Jáder Durán,FW,20,638,7.1,7,0,0.99,0.0,31,15,48.4,4.37,2.12,0.23,0,7,14,15,0.0,0.9859154929577465,23.2,23.2,56.2,10.7,100.0,10.7,41.1,48.2,91.1,98.2,100.0,94.6,7.1,47.3,40.2,48.2,7.1,89.3
ENG-Premier League,2425,Aston Villa,Lamare Bogarde,DF,20,476,5.3,0,0,0.0,0.0,1,1,100.0,0.19,0.19,0.0,1,6,8,11,0.18867924528301888,1.1320754716981132,12.3,12.3,28.7,26.8,28.7,26.8,7.1,30.3,98.7,11.0,69.4,28.1,1.0,16.5,28.1,56.8,0.6,59.4
ENG-Premier League,2425,Aston Villa,Leon Bailey,MF,26,1139,12.7,1,2,0.08,0.16,28,6,21.4,2.21,0.47,0.04,4,4,12,18,0.31496062992125984,0.31496062992125984,33.3,33.3,36.2,54.2,38.5,65.4,60.2,42.4,21.4,79.2,51.0,29.4,16.4,7.6,25.8,42.4,16.7,3.6
ENG-Premier League,2425,Aston Villa,Lucas Digne,DF,31,2351,26.1,0,4,0.0,0.15,13,3,23.1,0.5,0.11,0.0,22,36,21,16,0.842911877394636,1.379310344827586,70.3,70.3,28.7,95.8,28.7,88.1,69.7,61.9,41.7,55.8,43.9,28.1,66.8,86.5,70.3,70.6,41.9,72.9
ENG-Premier League,2425,Aston Villa,Marco Asensio,MF,28,743,8.3,3,1,0.36,0.12,24,11,45.8,2.91,1.33,0.13,2,5,11,8,0.24096385542168672,0.6024096385542168,17.7,18.0,64.8,35.4,89.8,53.4,52.9,67.2,84.4,91.7,96.9,74.2,7.8,12.5,22.9,16.7,10.4,18.8
ENG-Premier League,2425,Aston Villa,Marcus Rashford,FW,26,444,4.9,2,2,0.41,0.41,19,7,36.8,3.85,1.42,0.05,1,7,1,3,0.2040816326530612,1.4285714285714284,10.7,10.7,24.1,50.9,58.9,94.6,25.0,23.2,31.2,96.4,90.2,15.2,20.5,47.3,1.8,4.5,51.8,96.4
ENG-Premier League,2425,Aston Villa,Matty Cash,DF,26,2070,23.0,1,1,0.04,0.04,13,6,46.2,0.57,0.26,0.08,22,31,27,20,0.9565217391304348,1.3478260869565217,65.2,65.2,68.4,66.1,65.8,64.2,69.7,85.5,81.5,65.5,81.9,69.9,66.8,79.0,85.2,78.4,58.7,71.6
ENG-Premier League,2425,Aston Villa,Morgan Rogers,MF,22,3114,34.6,8,10,0.23,0.29,55,20,36.4,1.59,0.58,0.15,6,22,49,51,0.17341040462427745,0.6358381502890174,95.8,95.8,91.7,98.4,72.9,89.1,87.8,88.5,65.1,57.3,60.4,84.1,26.8,58.9,92.4,90.4,5.2,20.3
ENG-Premier League,2425,Aston Villa,Ollie Watkins,FW,28,2598,28.9,16,8,0.55,0.28,84,40,47.6,2.91,1.39,0.17,7,7,29,33,0.24221453287197234,0.24221453287197234,89.3,89.3,92.9,94.6,87.5,88.4,92.9,94.6,85.7,74.1,86.6,74.1,87.5,47.3,80.4,83.9,60.7,17.9
ENG-Premier League,2425,Aston Villa,Pau Torres,DF,27,2020,22.4,0,0,0.0,0.0,8,3,37.5,0.36,0.13,0.0,9,15,8,7,0.4017857142857143,0.6696428571428572,63.9,63.5,28.7,26.8,28.7,26.8,50.6,61.9,70.9,33.5,50.3,28.1,31.9,45.2,28.1,41.0,6.1,18.1
ENG-Premier League,2425,Aston Villa,Ross Barkley,MF,30,581,6.5,3,1,0.46,0.15,16,6,37.5,2.48,0.93,0.19,10,4,8,3,1.5384615384615385,0.6153846153846154,11.5,11.5,64.8,35.4,95.3,62.8,36.2,42.4,67.7,85.4,82.6,94.3,47.9,7.6,14.8,4.2,95.3,19.8
ENG-Premier League,2425,Aston Villa,Tyrone Mings,DF,31,1120,12.4,0,0,0.0,0.0,9,1,11.1,0.72,0.08,0.0,7,6,4,11,0.564516129032258,0.48387096774193544,36.8,36.8,28.7,26.8,28.7,26.8,53.5,30.3,24.5,77.7,34.2,28.1,25.2,16.5,10.0,56.8,15.5,9.0
ENG-Premier League,2425,Aston Villa,Youri Tielemans,MF,27,3026,33.6,3,7,0.09,0.21,41,13,31.7,1.22,0.39,0.07,22,58,41,56,0.6547619047619048,1.726190476190476,93.8,93.8,64.8,92.2,41.1,79.4,77.9,74.7,46.9,40.9,43.5,47.1,79.9,97.4,82.3,94.8,50.5,84.9
ENG-Premier League,2425,Bournemouth,Adam Smith,DF,33,1590,17.7,0,0,0.0,0.0,3,0,0.0,0.17,0.0,0.0,15,14,19,12,0.8474576271186441,0.7909604519774012,51.0,51.0,28.7,26.8,28.7,26.8,22.6,11.3,10.3,7.1,11.3,28.1,48.1,42.6,66.1,61.3,43.2,31.0
ENG-Premier League,2425,Bournemouth,Alex Scott,MF,20,755,8.4,0,0,0.0,0.0,15,7,46.7,1.79,0.83,0.0,9,13,17,26,1.0714285714285714,1.5476190476190474,18.8,19.0,13.0,12.8,13.0,12.8,33.6,49.2,86.5,65.9,77.6,13.3,43.5,35.7,42.2,62.2,78.6,76.6
ENG-Premier League,2425,Bournemouth,Antoine Semenyo,MF,24,3203,35.6,11,5,0.31,0.14,126,41,32.5,3.54,1.15,0.09,9,36,72,37,0.25280898876404495,1.0112359550561798,97.4,97.4,96.6,82.0,85.4,60.4,99.2,98.2,50.0,96.1,92.7,59.1,43.5,83.9,100.0,78.6,12.5,46.9
ENG-Premier League,2425,Bournemouth,Dango Ouattara,MF,22,2005,22.3,7,4,0.31,0.18,62,20,32.3,2.78,0.9,0.11,11,26,16,19,0.49327354260089684,1.1659192825112108,62.0,62.0,88.5,76.3,85.4,71.4,92.7,88.5,49.2,89.6,81.8,68.8,52.9,68.5,38.5,46.6,35.4,54.2
ENG-Premier League,2425,Bournemouth,David Brooks,MF,27,960,10.7,2,0,0.19,0.0,25,12,48.0,2.34,1.13,0.08,5,6,11,18,0.4672897196261683,0.5607476635514019,28.1,28.1,53.1,12.8,68.0,12.8,54.7,71.1,89.3,82.0,91.1,53.9,21.9,14.8,22.9,42.4,32.3,16.1
ENG-Premier League,2425,Bournemouth,Dean Huijsen,DF,19,2427,27.0,3,2,0.11,0.07,18,4,22.2,0.67,0.15,0.17,48,27,31,10,1.7777777777777777,1.0,73.5,73.5,95.5,84.8,91.3,75.5,83.2,72.9,38.7,72.3,57.1,84.8,96.8,71.3,92.9,51.9,97.4,49.4
ENG-Premier League,2425,Bournemouth,Enes Ünal,FW,27,345,3.8,2,1,0.52,0.26,19,7,36.8,4.96,1.83,0.11,0,0,6,9,0.0,0.0,3.6,3.6,24.1,32.1,85.7,85.7,25.0,23.2,31.2,100.0,96.4,38.4,7.1,1.8,14.3,23.2,7.1,1.8
ENG-Premier League,2425,Bournemouth,Evanilson,FW,24,2319,25.8,10,1,0.39,0.04,73,32,43.8,2.83,1.24,0.14,2,9,37,53,0.07751937984496124,0.3488372093023256,75.0,75.0,77.7,32.1,50.0,21.4,89.3,83.0,67.0,69.6,76.8,56.2,34.8,65.2,91.1,98.2,21.4,25.0
ENG-Premier League,2425,Bournemouth,Illia Zabarnyi,DF,21,3109,34.5,0,1,0.0,0.03,12,1,8.3,0.35,0.03,0.0,39,35,20,7,1.1304347826086956,1.0144927536231885,91.6,91.6,28.7,66.1,28.7,57.4,66.8,30.3,21.9,31.9,23.2,28.1,92.3,84.8,68.4,41.0,69.0,52.3
ENG-Premier League,2425,Bournemouth,James Hill,DF,22,448,5.0,0,1,0.0,0.2,6,0,0.0,1.21,0.0,0.0,7,8,7,5,1.4,1.6,11.6,11.6,28.7,66.1,28.7,92.9,42.9,11.3,10.3,94.8,11.3,28.1,25.2,25.8,23.5,31.0,85.8,83.9
ENG-Premier League,2425,Bournemouth,Julian Araujo,DF,22,497,5.5,0,0,0.0,0.0,0,0,,0.0,0.0,,5,5,7,2,0.9090909090909091,0.9090909090909091,14.8,14.5,28.7,26.8,28.7,26.8,1.6,11.3,,1.6,11.3,,17.4,11.3,23.5,11.0,50.3,42.6
ENG-Premier League,2425,Bournemouth,Justin Kluivert,MF,25,2340,26.0,12,6,0.46,0.23,63,29,46.0,2.42,1.12,0.1,13,9,46,33,0.5,0.34615384615384615,74.0,74.2,97.4,86.7,95.3,83.1,93.2,94.8,85.9,83.3,90.4,64.3,60.9,23.4,87.5,74.2,36.7,4.7
ENG-Premier League,2425,Bournemouth,Kepa Arrizabalaga,GK,29,2790,31.0,0,0,0.0,0.0,1,0,0.0,0.03,0.0,0.0,0,0,2,6,0.0,0.0,70.6,70.6,51.5,44.1,51.5,44.1,98.5,51.5,75.0,98.5,51.5,75.0,41.2,33.8,91.2,88.2,41.2,33.8
ENG-Premier League,2425,Bournemouth,Lewis Cook,MF,27,2978,33.1,1,3,0.03,0.09,14,4,28.6,0.42,0.12,0.07,45,42,48,10,1.3595166163141994,1.268882175226586,92.2,92.4,36.2,67.4,26.6,42.7,30.7,29.7,35.2,6.5,14.6,47.1,97.4,88.5,90.9,23.7,91.7,61.5
ENG-Premier League,2425,Bournemouth,Marcos Senesi,DF,27,1106,12.3,0,0,0.0,0.0,2,0,0.0,0.16,0.0,0.0,14,19,22,8,1.1382113821138211,1.5447154471544715,35.5,35.8,28.7,26.8,28.7,26.8,15.5,11.3,10.3,6.5,11.3,28.1,45.5,54.5,72.6,44.8,70.3,82.6
ENG-Premier League,2425,Bournemouth,Marcus Tavernier,MF,25,1939,21.5,3,5,0.14,0.23,57,17,29.8,2.65,0.79,0.05,4,22,34,28,0.18604651162790697,1.0232558139534884,59.4,59.1,64.8,82.0,57.3,83.1,89.8,82.8,39.1,87.2,75.5,34.1,16.4,58.9,75.0,67.2,6.2,47.9
ENG-Premier League,2425,Bournemouth,Mark Travers,GK,25,450,5.0,0,0,0.0,0.0,0,0,,0.0,0.0,,0,0,0,1,0.0,0.0,7.4,7.4,51.5,44.1,51.5,44.1,48.5,51.5,,48.5,51.5,,41.2,33.8,32.4,29.4,41.2,33.8
ENG-Premier League,2425,Bournemouth,Milos Kerkez,DF,20,3336,37.1,2,5,0.05,0.13,19,5,26.3,0.51,0.13,0.11,41,26,30,50,1.105121293800539,0.7008086253369272,98.7,98.7,86.5,97.1,70.3,85.8,85.5,79.4,47.7,57.1,50.3,76.5,93.5,69.7,90.6,100.0,67.1,22.6
ENG-Premier League,2425,Bournemouth,Ryan Christie,MF,29,2117,23.5,2,3,0.09,0.13,33,12,36.4,1.4,0.51,0.06,30,33,42,31,1.2765957446808511,1.4042553191489362,65.6,65.6,53.1,67.4,41.1,57.3,66.7,71.1,65.1,49.5,55.5,40.1,92.4,80.2,83.6,71.4,87.0,69.8
ENG-Premier League,2425,Bournemouth,Tyler Adams,MF,25,1965,21.8,0,3,0.0,0.14,9,2,22.2,0.41,0.09,0.0,30,56,46,21,1.3761467889908257,2.568807339449541,61.2,60.7,13.0,67.4,13.0,60.4,15.1,16.4,22.7,5.5,10.7,13.3,92.4,96.9,87.5,50.8,92.2,99.0
ENG-Premier League,2425,Brentford,Bryan Mbeumo,MF,24,3414,37.9,20,7,0.53,0.18,85,41,48.2,2.24,1.08,0.18,11,30,25,44,0.29023746701846964,0.79155672823219,100.0,100.0,99.5,92.2,97.4,71.4,96.4,98.2,90.1,80.7,88.5,90.9,52.9,75.0,61.5,83.6,15.6,31.8
ENG-Premier League,2425,Brentford,Christian Nørgaard,MF,30,2819,31.3,5,4,0.16,0.13,39,16,41.0,1.25,0.51,0.13,46,47,44,28,1.4696485623003195,1.5015974440894568,87.5,87.2,80.2,76.3,61.2,57.3,75.8,79.7,76.6,42.7,55.5,74.2,98.2,90.4,85.9,67.2,93.2,74.0
ENG-Premier League,2425,Brentford,Ethan Pinnock,DF,31,1913,21.3,2,0,0.09,0.0,10,6,60.0,0.47,0.28,0.2,23,15,8,4,1.07981220657277,0.704225352112676,61.3,61.3,86.5,26.8,87.7,26.8,58.7,85.5,94.7,51.6,83.5,88.4,70.3,45.2,28.1,23.9,65.8,23.2
ENG-Premier League,2425,Brentford,Fabio Carvalho,FW,21,455,5.1,2,1,0.4,0.2,12,6,50.0,2.37,1.19,0.17,3,9,5,10,0.5882352941176471,1.7647058823529413,14.3,14.3,24.1,32.1,53.6,74.1,14.3,17.9,93.8,50.0,72.3,74.1,46.4,65.2,10.7,26.8,96.4,100.0
ENG-Premier League,2425,Brentford,Keane Lewis-Potter,DF,23,3093,34.4,1,3,0.03,0.09,28,14,50.0,0.81,0.41,0.04,20,27,18,31,0.5813953488372093,0.7848837209302326,91.0,91.0,68.4,92.9,60.6,79.4,95.2,100.0,88.1,83.2,96.8,57.9,59.4,71.3,63.5,90.0,16.8,30.3
ENG-Premier League,2425,Brentford,Kevin Schade,MF,22,2293,25.5,11,2,0.43,0.08,55,27,49.1,2.16,1.06,0.2,5,26,21,38,0.19607843137254902,1.0196078431372548,72.4,72.4,96.6,54.2,93.8,39.3,87.8,93.0,91.1,77.9,86.5,95.6,21.9,68.5,54.2,79.4,6.8,47.4
ENG-Premier League,2425,Brentford,Kristoffer Ajer,DF,26,1438,16.0,0,0,0.0,0.0,9,3,33.3,0.56,0.19,0.0,11,19,13,6,0.6875,1.1875,48.4,48.4,28.7,26.8,28.7,26.8,53.5,61.9,65.6,63.5,69.4,28.1,37.7,54.5,50.3,36.1,25.8,62.6
ENG-Premier League,2425,Brentford,Mads Roerslev,DF,25,1101,12.2,0,2,0.0,0.16,5,2,40.0,0.41,0.16,0.0,4,8,6,10,0.3278688524590164,0.6557377049180328,34.8,34.8,28.7,84.8,28.7,89.7,35.2,46.5,74.2,40.0,61.3,28.1,11.9,25.8,19.0,51.9,3.2,17.4
ENG-Premier League,2425,Brentford,Mark Flekken,GK,31,3275,36.4,0,2,0.0,0.05,0,0,,0.0,0.0,,0,4,0,3,0.0,0.10989010989010989,85.3,85.3,51.5,97.1,51.5,97.1,48.5,51.5,,48.5,51.5,,41.2,100.0,32.4,61.8,41.2,97.1
ENG-Premier League,2425,Brentford,Mathias Jensen,MF,28,862,9.6,0,2,0.0,0.21,6,1,16.7,0.63,0.1,0.0,7,9,7,10,0.7291666666666667,0.9375,25.5,25.3,13.0,54.2,13.0,79.4,8.6,9.4,13.5,15.4,12.0,13.3,32.0,23.4,11.7,23.7,55.7,40.6
ENG-Premier League,2425,Brentford,Michael Kayode,DF,20,528,5.9,0,1,0.0,0.17,2,0,0.0,0.34,0.0,0.0,7,11,8,3,1.1864406779661016,1.8644067796610169,17.7,17.4,28.7,66.1,28.7,91.3,15.5,11.3,10.3,29.7,11.3,28.1,25.2,35.8,28.1,17.4,74.5,94.8
ENG-Premier League,2425,Brentford,Mikkel Damsgaard,MF,24,2911,32.3,2,10,0.06,0.31,35,7,20.0,1.08,0.22,0.06,29,44,18,27,0.8978328173374613,1.3622291021671828,89.6,89.3,53.1,98.4,34.1,91.7,69.8,49.2,17.7,35.7,25.0,40.1,91.1,89.3,45.3,64.3,66.7,67.7
ENG-Premier League,2425,Brentford,Nathan Collins,DF,23,3420,38.0,2,3,0.05,0.08,17,6,35.3,0.45,0.16,0.12,34,24,28,31,0.8947368421052632,0.631578947368421,100.0,100.0,86.5,92.9,70.3,77.4,81.0,85.5,68.5,46.8,61.3,79.1,87.1,66.5,88.1,90.0,48.4,15.5
ENG-Premier League,2425,Brentford,Sepp van den Berg,DF,22,2586,28.7,0,0,0.0,0.0,20,6,30.0,0.7,0.21,0.0,22,24,23,5,0.7665505226480837,0.8362369337979094,78.1,77.7,28.7,26.8,28.7,26.8,87.4,85.5,58.9,75.8,71.6,28.1,66.8,66.5,75.8,31.0,36.1,35.5
ENG-Premier League,2425,Brentford,Vitaly Janelt,MF,26,2254,25.0,1,3,0.04,0.12,14,4,28.6,0.56,0.16,0.07,27,24,25,15,1.08,0.96,70.8,70.8,36.2,67.4,28.6,53.4,30.7,29.7,35.2,11.7,19.8,47.1,87.5,66.4,61.5,34.9,79.2,41.7
ENG-Premier League,2425,Brentford,Yehor Yarmoliuk,MF,20,1450,16.1,0,0,0.0,0.0,9,2,22.2,0.56,0.12,0.0,13,30,19,13,0.8074534161490683,1.8633540372670805,41.1,41.1,13.0,12.8,13.0,12.8,15.1,16.4,22.7,11.7,14.6,13.3,60.9,75.0,47.9,31.8,62.0,89.6
ENG-Premier League,2425,Brentford,Yoane Wissa,FW,27,2919,32.4,19,4,0.59,0.12,90,43,47.8,2.77,1.33,0.21,8,13,33,51,0.2469135802469136,0.4012345679012346,98.2,98.2,94.6,77.7,89.3,48.2,94.6,96.4,88.4,66.1,82.1,92.0,92.9,80.4,84.8,95.5,64.3,35.7
ENG-Premier League,2425,Brighton,Adam Webster,DF,29,887,9.9,0,0,0.0,0.0,5,1,20.0,0.51,0.1,0.0,20,7,7,2,2.0202020202020203,0.7070707070707071,25.2,25.2,28.7,26.8,28.7,26.8,35.2,30.3,33.8,57.1,39.7,28.1,59.4,21.6,23.5,11.0,99.4,23.9
ENG-Premier League,2425,Brighton,Bart Verbruggen,GK,21,3240,36.0,0,1,0.0,0.03,0,0,,0.0,0.0,,0,0,0,2,0.0,0.0,82.4,82.4,51.5,91.2,51.5,91.2,48.5,51.5,,48.5,51.5,,41.2,33.8,32.4,48.5,41.2,33.8
ENG-Premier League,2425,Brighton,Brajan Gruda,MF,20,687,7.6,1,4,0.13,0.52,11,5,45.5,1.44,0.66,0.09,2,8,7,12,0.2631578947368421,1.0526315789473684,14.6,14.6,36.2,76.3,54.2,100.0,21.1,36.5,83.9,50.0,66.7,59.1,7.8,19.5,11.7,28.9,13.5,48.4
ENG-Premier League,2425,Brighton,Carlos Baleba,MF,20,2661,29.6,3,1,0.1,0.03,44,11,25.0,1.49,0.37,0.07,49,44,39,47,1.6554054054054053,1.4864864864864864,83.3,83.3,64.8,35.4,44.3,26.0,79.9,67.2,28.9,51.8,41.7,47.1,99.5,89.3,79.7,87.8,97.4,72.9
ENG-Premier League,2425,Brighton,Danny Welbeck,FW,33,2115,23.5,10,4,0.43,0.17,60,24,40.0,2.55,1.02,0.15,5,16,11,23,0.2127659574468085,0.6808510638297872,66.1,66.1,77.7,77.7,66.1,64.3,74.1,71.4,52.7,59.8,50.0,63.4,71.4,86.6,28.6,61.6,53.6,71.4
ENG-Premier League,2425,Brighton,Diego Gómez,MF,21,516,5.7,1,0,0.17,0.0,9,3,33.3,1.57,0.52,0.11,7,13,8,3,1.2280701754385965,2.280701754385965,9.4,9.4,36.2,12.8,63.5,12.8,15.1,22.7,53.6,54.9,56.2,68.8,32.0,35.7,14.8,4.2,84.4,96.4
ENG-Premier League,2425,Brighton,Ferdi Kadioglu,DF,24,385,4.3,1,0,0.23,0.0,4,1,25.0,0.94,0.23,0.25,7,5,4,3,1.627906976744186,1.1627906976744187,9.0,9.4,68.4,26.8,96.8,26.8,28.1,30.3,45.4,90.3,77.1,91.7,25.2,11.3,10.0,17.4,94.8,60.6
ENG-Premier League,2425,Brighton,Georginio Rutter,MF,22,1656,18.4,5,3,0.27,0.16,50,12,24.0,2.72,0.65,0.1,11,14,34,45,0.5978260869565218,0.7608695652173914,49.5,49.2,80.2,67.4,80.2,65.4,85.4,71.1,26.6,88.5,65.1,64.3,52.9,38.8,75.0,84.4,47.4,27.6
ENG-Premier League,2425,Brighton,Igor,DF,26,961,10.7,0,0,0.0,0.0,1,0,0.0,0.09,0.0,0.0,4,5,9,7,0.3738317757009346,0.4672897196261683,27.7,27.7,28.7,26.8,28.7,26.8,7.1,11.3,10.3,4.5,11.3,28.1,11.9,11.3,34.5,41.0,4.5,7.1
ENG-Premier League,2425,Brighton,Jack Hinshelwood,MF,19,1842,20.5,5,2,0.24,0.1,18,10,55.6,0.88,0.49,0.28,11,19,18,9,0.5365853658536586,0.926829268292683,56.2,56.2,80.2,54.2,74.5,45.6,41.1,64.3,94.8,27.1,53.6,97.9,52.9,51.3,45.3,20.1,41.7,38.5
ENG-Premier League,2425,Brighton,Jan Paul van Hecke,DF,24,2958,32.9,1,1,0.03,0.03,17,5,29.4,0.52,0.15,0.06,25,29,25,24,0.7598784194528876,0.8814589665653496,86.5,86.5,68.4,66.1,60.6,57.4,81.0,79.4,56.3,59.4,57.1,62.9,74.5,75.5,81.0,83.9,34.2,40.0
ENG-Premier League,2425,Brighton,João Pedro,FW,22,1948,21.6,10,6,0.46,0.28,47,20,42.6,2.17,0.92,0.11,8,12,27,45,0.37037037037037035,0.5555555555555555,60.7,60.7,77.7,90.2,75.9,88.4,53.6,58.9,62.5,35.7,41.1,38.4,92.9,76.8,69.6,91.1,83.9,57.1
ENG-Premier League,2425,Brighton,Joël Veltman,DF,32,1697,18.9,0,0,0.0,0.0,6,1,16.7,0.32,0.05,0.0,20,29,27,44,1.0582010582010584,1.5343915343915344,53.5,53.5,28.7,26.8,28.7,26.8,42.9,30.3,28.5,25.2,25.8,28.1,59.4,75.5,85.2,97.7,63.9,81.3
ENG-Premier League,2425,Brighton,Kaoru Mitoma,MF,27,2603,28.9,10,4,0.35,0.14,57,27,47.4,1.97,0.93,0.18,12,27,40,24,0.4152249134948097,0.9342560553633218,82.3,81.8,95.6,76.3,88.8,60.4,89.8,93.0,88.5,73.4,82.6,90.9,57.0,70.3,81.0,57.6,26.6,40.1
ENG-Premier League,2425,Brighton,Lewis Dunk,DF,32,2083,23.1,0,0,0.0,0.0,12,3,25.0,0.52,0.13,0.0,12,11,7,11,0.5194805194805194,0.47619047619047616,65.8,65.8,28.7,26.8,28.7,26.8,66.8,61.9,45.4,59.4,50.3,28.1,40.3,35.8,23.5,56.8,12.3,8.4
ENG-Premier League,2425,Brighton,Mats Wieffer,DF,24,1015,11.3,1,3,0.09,0.27,9,4,44.4,0.8,0.35,0.11,16,34,23,10,1.415929203539823,3.0088495575221237,30.6,30.6,68.4,92.9,87.7,97.7,53.5,72.9,79.8,82.6,93.2,76.5,50.6,83.2,75.8,51.9,86.5,100.0
ENG-Premier League,2425,Brighton,Matt O'Riley,MF,23,938,10.4,2,2,0.19,0.19,22,7,31.8,2.11,0.67,0.05,13,8,16,13,1.25,0.7692307692307692,27.6,27.6,53.1,54.2,68.0,74.0,49.7,49.2,47.7,76.6,68.5,34.1,60.9,19.5,38.5,31.8,85.2,28.1
ENG-Premier League,2425,Brighton,Pervis Estupiñán,DF,26,2402,26.7,1,1,0.04,0.04,28,9,32.1,1.05,0.34,0.04,39,44,36,20,1.4606741573033708,1.647940074906367,72.3,72.3,68.4,66.1,65.8,64.2,95.2,96.8,62.9,91.6,91.3,57.9,92.3,94.2,98.1,78.4,89.0,87.1
ENG-Premier League,2425,Brighton,Simon Adingra,MF,22,1097,12.2,2,2,0.16,0.16,33,8,24.2,2.71,0.66,0.06,9,16,13,4,0.7377049180327869,1.3114754098360657,32.3,32.3,53.1,54.2,61.2,65.4,66.7,55.2,27.6,88.0,66.7,40.1,43.5,44.5,29.2,6.8,56.8,64.1
ENG-Premier League,2425,Brighton,Tariq Lamptey,DF,23,860,9.6,2,2,0.21,0.21,6,2,33.3,0.63,0.21,0.33,7,11,15,10,0.7291666666666667,1.1458333333333335,24.5,24.5,86.5,84.8,96.1,94.2,42.9,46.5,65.6,69.4,71.6,96.0,25.2,35.8,52.9,51.9,29.0,60.0
ENG-Premier League,2425,Brighton,Yankuba Minteh,MF,20,1838,20.4,6,4,0.29,0.2,34,16,47.1,1.66,0.78,0.18,12,36,21,11,0.5882352941176471,1.7647058823529413,55.7,55.7,84.6,76.3,83.1,76.6,68.2,79.7,87.8,60.7,74.7,90.9,57.0,83.9,54.2,26.8,46.1,85.9
ENG-Premier League,2425,Brighton,Yasin Ayari,MF,20,1965,21.8,2,1,0.09,0.05,28,8,28.6,1.28,0.37,0.07,20,32,36,26,0.9174311926605504,1.4678899082568806,61.2,60.7,53.1,35.4,41.1,29.7,60.2,55.2,35.2,44.8,41.7,47.1,74.5,77.9,77.1,62.2,69.8,71.9
ENG-Premier League,2425,Chelsea,Axel Disasi,DF,26,364,4.0,1,0,0.25,0.0,2,1,50.0,0.49,0.25,0.5,2,4,2,0,0.5,1.0,7.7,7.4,68.4,26.8,97.7,26.8,15.5,30.3,88.1,54.2,80.6,99.0,3.2,7.4,3.5,1.6,9.7,49.4
ENG-Premier League,2425,Chelsea,Benoît Badiashile,DF,23,334,3.7,0,0,0.0,0.0,0,0,,0.0,0.0,,6,6,6,2,1.6216216216216215,1.6216216216216215,3.2,3.2,28.7,26.8,28.7,26.8,1.6,11.3,,1.6,11.3,,21.3,16.5,19.0,11.0,93.5,85.2
ENG-Premier League,2425,Chelsea,Christopher Nkunku,MF,26,921,10.2,3,2,0.29,0.2,25,12,48.0,2.44,1.17,0.12,7,8,16,11,0.6862745098039216,0.7843137254901962,26.6,26.6,64.8,54.2,83.1,76.6,54.7,71.1,89.3,84.6,93.2,71.4,32.0,19.5,38.5,26.8,51.6,29.7
ENG-Premier League,2425,Chelsea,Cole Palmer,MF,22,3191,35.5,15,8,0.42,0.23,126,51,40.5,3.55,1.44,0.09,10,18,15,60,0.28169014084507044,0.5070422535211268,96.9,96.9,98.7,96.1,93.2,83.1,99.2,99.5,76.0,97.1,97.9,59.1,47.9,48.7,34.1,96.9,15.1,10.4
ENG-Premier League,2425,Chelsea,Enzo Fernández,MF,23,2947,32.7,6,7,0.18,0.21,53,20,37.7,1.62,0.61,0.11,13,32,52,54,0.39755351681957185,0.9785932721712537,90.6,90.6,84.6,92.2,66.1,79.4,85.9,88.5,68.8,59.4,62.5,68.8,60.9,77.9,93.8,93.5,25.0,42.2
ENG-Premier League,2425,Chelsea,Filip Jørgensen,GK,22,540,6.0,0,0,0.0,0.0,0,0,,0.0,0.0,,0,0,1,1,0.0,0.0,13.2,13.2,51.5,44.1,51.5,44.1,48.5,51.5,,48.5,51.5,,41.2,33.8,73.5,29.4,41.2,33.8
ENG-Premier League,2425,Chelsea,Jadon Sancho,MF,24,1764,19.6,3,4,0.15,0.2,24,8,33.3,1.22,0.41,0.13,2,7,6,11,0.1020408163265306,0.3571428571428571,52.1,52.3,64.8,76.3,59.4,76.6,52.9,55.2,53.6,40.9,46.4,74.2,7.8,16.4,8.9,26.8,2.6,5.2
ENG-Premier League,2425,Chelsea,João Félix,MF,24,369,4.1,1,1,0.24,0.24,20,6,30.0,4.88,1.46,0.05,3,3,6,17,0.7317073170731708,0.7317073170731708,4.7,4.7,36.2,35.4,74.5,85.4,45.6,42.4,40.4,100.0,98.4,34.1,12.0,3.6,8.9,38.5,56.2,25.3
ENG-Premier League,2425,Chelsea,Levi Colwill,DF,21,3149,35.0,2,1,0.06,0.03,17,4,23.5,0.49,0.11,0.12,32,35,46,21,0.9142857142857143,1.0,93.5,93.9,86.5,66.1,76.8,57.4,81.0,72.9,43.0,54.2,43.9,79.1,84.8,84.8,100.0,81.3,51.0,49.4
ENG-Premier League,2425,Chelsea,Malo Gusto,DF,21,1862,20.7,0,1,0.0,0.05,22,5,22.7,1.06,0.24,0.0,25,31,20,20,1.2077294685990339,1.497584541062802,59.4,59.4,28.7,66.1,28.7,68.7,90.0,79.4,40.1,92.3,78.7,28.1,74.5,79.0,68.4,78.4,77.4,79.4
ENG-Premier League,2425,Chelsea,Marc Cucurella,DF,26,2988,33.2,5,1,0.15,0.03,24,12,50.0,0.72,0.36,0.21,26,46,37,38,0.7831325301204819,1.3855421686746987,87.1,87.1,99.4,66.1,94.8,57.4,91.9,99.0,88.1,77.7,94.8,90.1,77.1,96.1,98.7,95.8,37.4,73.5
ENG-Premier League,2425,Chelsea,Moisés Caicedo,MF,22,3351,37.2,1,2,0.03,0.05,20,3,15.0,0.54,0.08,0.05,47,74,69,58,1.2634408602150538,1.9892473118279568,99.0,99.0,36.2,54.2,26.6,29.7,45.6,22.7,11.5,9.6,9.4,34.1,99.0,98.4,99.0,96.1,85.9,92.2
ENG-Premier League,2425,Chelsea,Nicolas Jackson,FW,23,2220,24.7,10,5,0.41,0.2,76,35,46.1,3.08,1.42,0.13,3,11,35,29,0.12145748987854252,0.4453441295546559,71.4,71.4,77.7,85.7,58.9,74.1,91.1,92.0,76.8,80.4,90.2,50.0,46.4,73.2,87.5,76.8,30.4,44.6
ENG-Premier League,2425,Chelsea,Noni Madueke,MF,22,2033,22.6,7,3,0.31,0.13,80,32,40.0,3.54,1.42,0.09,8,18,22,24,0.35398230088495575,0.7964601769911503,63.5,63.5,88.5,67.4,85.4,57.3,95.3,96.9,74.5,96.1,97.4,59.1,38.0,48.7,56.0,57.6,20.3,33.9
ENG-Premier League,2425,Chelsea,Pedro Neto,MF,24,2269,25.2,4,6,0.16,0.24,59,17,28.8,2.34,0.67,0.07,8,10,21,33,0.31746031746031744,0.39682539682539686,71.4,71.4,74.0,86.7,61.2,85.4,91.4,82.8,36.5,82.0,68.5,47.1,38.0,26.3,54.2,74.2,17.7,7.3
ENG-Premier League,2425,Chelsea,Reece James,DF,24,1063,11.8,1,1,0.08,0.08,11,3,27.3,0.93,0.25,0.09,14,9,8,11,1.1864406779661016,0.7627118644067796,32.9,32.6,68.4,66.1,84.2,77.4,63.9,61.9,50.0,89.4,80.6,72.2,45.5,29.0,28.1,56.8,74.5,29.0
ENG-Premier League,2425,Chelsea,Robert Sánchez,GK,26,2880,32.0,0,0,0.0,0.0,0,0,,0.0,0.0,,2,0,2,4,0.0625,0.0,73.5,73.5,51.5,44.1,51.5,44.1,48.5,51.5,,48.5,51.5,,100.0,33.8,91.2,73.5,100.0,33.8
ENG-Premier League,2425,Chelsea,Roméo Lavia,MF,20,797,8.9,0,1,0.0,0.11,2,0,0.0,0.23,0.0,0.0,16,13,16,7,1.797752808988764,1.4606741573033708,20.8,21.1,13.0,35.4,13.0,49.2,2.1,2.9,2.9,1.6,2.9,13.3,67.7,35.7,38.5,13.5,98.4,70.8
ENG-Premier League,2425,Chelsea,Tosin Adarabioyo,DF,26,1409,15.7,1,1,0.06,0.06,13,2,15.4,0.83,0.13,0.08,10,13,8,9,0.6369426751592357,0.8280254777070064,46.5,47.1,68.4,66.1,76.8,72.6,69.7,46.5,27.8,84.2,50.3,69.9,35.5,40.3,28.1,48.1,20.0,34.8
ENG-Premier League,2425,Chelsea,Trevoh Chalobah,DF,25,910,10.1,0,1,0.0,0.1,7,3,42.9,0.69,0.3,0.0,9,7,9,7,0.8910891089108911,0.6930693069306931,26.5,26.1,28.7,66.1,28.7,81.9,47.7,61.9,77.5,74.8,86.5,28.1,31.9,21.6,34.5,41.0,46.8,20.6
ENG-Premier League,2425,Chelsea,Wesley Fofana,DF,23,1172,13.0,0,0,0.0,0.0,3,0,0.0,0.23,0.0,0.0,12,11,24,16,0.9230769230769231,0.8461538461538461,40.0,40.0,28.7,26.8,28.7,26.8,22.6,11.3,10.3,14.8,11.3,28.1,40.3,35.8,78.7,70.6,51.9,36.1
ENG-Premier League,2425,Crystal Palace,Adam Wharton,MF,20,1318,14.6,0,2,0.0,0.14,13,5,38.5,0.89,0.34,0.0,19,16,12,21,1.3013698630136987,1.095890410958904,38.0,38.0,13.0,54.2,13.0,60.4,28.1,36.5,71.6,27.9,38.5,13.3,72.1,44.5,25.8,50.8,88.5,50.8
ENG-Premier League,2425,Crystal Palace,Cheick Doucouré,MF,24,452,5.0,0,0,0.0,0.0,7,0,0.0,1.39,0.0,0.0,11,9,7,7,2.2,1.8,6.2,6.2,13.0,12.8,13.0,12.8,11.2,2.9,2.9,49.0,2.9,13.3,52.9,23.4,11.7,13.5,100.0,86.5
ENG-Premier League,2425,Crystal Palace,Chris Richards,DF,24,1922,21.4,1,0,0.05,0.0,12,6,50.0,0.56,0.28,0.08,18,30,11,5,0.8411214953271029,1.4018691588785048,61.9,62.3,68.4,26.8,70.3,26.8,66.8,85.5,88.1,63.5,83.5,69.9,54.8,77.1,43.2,31.0,41.3,75.5
ENG-Premier League,2425,Crystal Palace,Daichi Kamada,MF,27,1564,17.4,0,0,0.0,0.0,20,4,20.0,1.15,0.23,0.0,18,29,28,21,1.0344827586206897,1.6666666666666667,44.3,44.3,13.0,12.8,13.0,12.8,45.6,29.7,17.7,38.0,27.3,13.3,70.3,73.4,65.1,50.8,76.6,82.3
ENG-Premier League,2425,Crystal Palace,Daniel Muñoz,MF,28,3228,35.9,4,5,0.11,0.14,37,18,48.6,1.03,0.5,0.11,43,77,56,19,1.1977715877437327,2.1448467966573816,97.9,97.9,74.0,82.0,47.4,60.4,72.7,86.2,90.6,31.5,54.7,68.8,96.9,99.5,95.8,46.6,83.9,94.3
ENG-Premier League,2425,Crystal Palace,Dean Henderson,GK,27,3420,38.0,0,0,0.0,0.0,1,0,0.0,0.03,0.0,0.0,1,1,0,2,0.02631578947368421,0.02631578947368421,94.1,94.1,51.5,44.1,51.5,44.1,98.5,51.5,75.0,98.5,51.5,75.0,89.7,75.0,32.4,48.5,83.8,70.6
ENG-Premier League,2425,Crystal Palace,Eberechi Eze,MF,26,2588,28.8,8,8,0.28,0.28,102,29,28.4,3.55,1.01,0.07,10,21,13,51,0.3472222222222222,0.7291666666666666,80.2,80.5,91.7,96.1,81.8,88.3,97.9,94.8,33.9,97.1,84.9,47.1,47.9,55.5,29.2,90.4,19.8,24.5
ENG-Premier League,2425,Crystal Palace,Eddie Nketiah,FW,25,1034,11.5,3,1,0.26,0.09,43,16,37.2,3.74,1.39,0.07,2,8,31,29,0.17391304347826086,0.6956521739130435,37.5,37.5,34.8,32.1,32.1,34.8,50.9,51.8,35.7,92.9,86.6,21.4,34.8,56.2,82.1,76.8,42.9,75.0
ENG-Premier League,2425,Crystal Palace,Ismaila Sarr,MF,26,2711,30.1,8,6,0.27,0.2,59,29,49.2,1.96,0.96,0.14,8,11,14,55,0.26578073089700993,0.3654485049833887,84.4,84.4,91.7,86.7,80.2,76.6,91.4,94.8,91.7,72.7,83.9,79.7,38.0,29.4,31.5,94.3,14.1,6.2
ENG-Premier League,2425,Crystal Palace,Jean-Philippe Mateta,FW,27,2648,29.4,14,2,0.48,0.07,69,33,47.8,2.35,1.12,0.17,2,12,27,29,0.06802721088435375,0.40816326530612246,91.1,91.1,90.2,50.9,80.4,29.5,83.9,86.6,88.4,46.4,63.4,74.1,34.8,76.8,69.6,76.8,17.9,38.4
ENG-Premier League,2425,Crystal Palace,Jefferson Lerma,MF,29,2274,25.3,0,1,0.0,0.04,26,8,30.8,1.03,0.32,0.0,41,19,35,39,1.6205533596837944,0.7509881422924901,71.9,71.9,13.0,35.4,13.0,27.3,56.5,55.2,43.0,31.5,35.9,13.3,96.4,51.3,76.0,80.7,96.9,26.6
ENG-Premier League,2425,Crystal Palace,Justin Devenny,MF,20,507,5.6,1,1,0.18,0.18,10,6,60.0,1.78,1.07,0.1,0,11,9,0,0.0,1.9642857142857144,8.9,8.9,36.2,35.4,66.1,71.4,18.2,42.4,97.4,65.1,87.5,64.3,1.0,29.4,18.8,0.5,1.0,91.1
ENG-Premier League,2425,Crystal Palace,Marc Guéhi,DF,24,3059,34.0,3,2,0.09,0.06,15,7,46.7,0.44,0.21,0.2,29,32,23,27,0.8529411764705882,0.9411764705882353,89.0,89.0,95.5,84.8,87.7,72.6,74.8,90.6,82.5,44.8,71.6,88.4,79.7,80.6,75.8,86.1,43.9,45.8
ENG-Premier League,2425,Crystal Palace,Maxence Lacroix,DF,24,3116,34.6,1,1,0.03,0.03,30,6,20.0,0.87,0.17,0.03,54,42,34,19,1.560693641618497,1.2138728323699421,92.3,92.3,68.4,66.1,60.6,57.4,96.8,85.5,33.8,86.8,65.2,56.6,97.7,92.9,94.5,75.5,91.0,64.5
ENG-Premier League,2425,Crystal Palace,Nathaniel Clyne,DF,33,483,5.4,0,0,0.0,0.0,2,0,0.0,0.37,0.0,0.0,3,8,2,2,0.5555555555555555,1.4814814814814814,12.9,13.2,28.7,26.8,28.7,26.8,15.5,11.3,10.3,35.2,11.3,28.1,7.1,25.8,3.5,11.0,14.5,78.1
ENG-Premier League,2425,Crystal Palace,Trevoh Chalobah,DF,25,1060,11.8,3,0,0.25,0.0,11,4,36.4,0.93,0.34,0.27,20,15,10,15,1.694915254237288,1.271186440677966,32.3,32.6,95.5,26.8,97.7,26.8,63.9,72.9,69.5,89.4,91.3,93.4,59.4,45.2,39.4,68.1,95.5,67.7
ENG-Premier League,2425,Crystal Palace,Tyrick Mitchell,MF,24,3092,34.4,0,5,0.0,0.15,12,3,25.0,0.35,0.09,0.0,21,53,23,25,0.6104651162790697,1.5406976744186047,94.8,94.8,13.0,82.0,13.0,62.8,24.5,22.7,28.9,3.6,10.7,13.3,77.3,94.5,57.0,59.9,48.4,76.0
ENG-Premier League,2425,Crystal Palace,Will Hughes,MF,29,2108,23.4,0,3,0.0,0.13,22,1,4.5,0.94,0.04,0.0,21,36,65,31,0.8974358974358975,1.5384615384615385,65.1,65.1,13.0,67.4,13.0,57.3,49.7,9.4,5.7,29.2,6.2,13.3,77.3,83.9,97.7,71.4,65.9,75.5
ENG-Premier League,2425,Everton,Abdoulaye Doucouré,MF,31,2564,28.5,3,2,0.11,0.07,31,10,32.3,1.09,0.35,0.1,11,28,49,5,0.38596491228070173,0.9824561403508771,78.6,78.9,64.8,54.2,47.4,35.9,63.3,64.3,49.2,36.7,39.6,64.3,52.9,71.9,92.4,9.4,22.9,42.7
ENG-Premier League,2425,Everton,Armando Broja,FW,22,334,3.7,0,0,0.0,0.0,4,0,0.0,1.08,0.0,0.0,1,1,6,4,0.27027027027027023,0.27027027027027023,1.8,1.8,5.4,10.7,5.4,10.7,1.8,2.7,2.7,1.8,2.7,5.4,20.5,4.5,14.3,7.1,67.9,21.4
ENG-Premier League,2425,Everton,Ashley Young,DF,39,1875,20.8,1,3,0.05,0.14,6,3,50.0,0.29,0.14,0.17,26,36,30,22,1.25,1.7307692307692306,60.0,60.0,68.4,92.9,70.3,86.8,42.9,61.9,88.1,23.9,54.2,84.8,77.1,86.5,90.6,82.6,79.0,91.6
ENG-Premier League,2425,Everton,Beto,FW,26,1534,17.0,8,0,0.47,0.0,49,23,46.9,2.87,1.35,0.16,4,7,33,23,0.23529411764705882,0.4117647058823529,51.8,51.8,62.5,10.7,78.6,10.7,55.4,68.8,80.4,71.4,83.9,67.9,58.0,47.3,84.8,61.6,57.1,42.9
ENG-Premier League,2425,Everton,Carlos Alcaraz,MF,21,764,8.5,2,3,0.24,0.35,26,11,42.3,3.06,1.3,0.08,5,4,13,12,0.5882352941176471,0.47058823529411764,19.8,19.8,53.1,67.4,74.5,93.5,56.5,67.2,78.6,92.7,95.3,53.9,21.9,7.6,29.2,28.9,46.1,8.3
ENG-Premier League,2425,Everton,Dominic Calvert-Lewin,FW,27,1609,17.9,3,1,0.17,0.06,50,20,40.0,2.8,1.12,0.06,7,7,27,23,0.3910614525139665,0.3910614525139665,53.6,53.6,34.8,32.1,19.6,25.0,57.1,58.9,52.7,67.9,63.4,17.9,87.5,47.3,69.6,61.6,89.3,32.1
ENG-Premier League,2425,Everton,Dwight McNeil,MF,24,1371,15.2,4,6,0.26,0.39,24,10,41.7,1.58,0.66,0.17,6,8,6,18,0.39473684210526316,0.5263157894736842,39.6,39.3,74.0,86.7,77.9,96.9,52.9,64.3,77.6,56.2,66.7,87.5,26.8,19.5,8.9,42.4,24.5,12.8
ENG-Premier League,2425,Everton,Idrissa Gana Gueye,MF,34,3063,34.0,0,3,0.0,0.09,27,5,18.5,0.79,0.15,0.0,46,76,55,46,1.3529411764705883,2.235294117647059,94.3,94.3,13.0,67.4,13.0,42.7,58.3,36.5,16.1,22.9,17.7,13.3,98.2,99.0,95.3,85.9,91.1,95.8
ENG-Premier League,2425,Everton,Iliman Ndiaye,MF,24,2430,27.0,9,0,0.33,0.0,37,17,45.9,1.37,0.63,0.19,19,27,24,52,0.7037037037037037,1.0,76.6,76.6,94.0,12.8,87.8,12.8,72.7,82.8,85.2,48.2,64.3,94.3,72.1,70.3,59.1,92.2,53.6,45.1
ENG-Premier League,2425,Everton,Jack Harrison,MF,27,2076,23.1,1,0,0.04,0.0,29,7,24.1,1.26,0.3,0.03,9,23,13,28,0.3896103896103896,0.9956709956709956,64.6,64.6,36.2,12.8,28.6,12.8,61.7,49.2,27.1,43.5,34.4,27.6,43.5,63.3,29.2,67.2,23.4,44.3
ENG-Premier League,2425,Everton,Jake O'Brien,DF,23,1571,17.5,2,0,0.11,0.0,6,3,50.0,0.34,0.17,0.33,4,17,13,4,0.22857142857142856,0.9714285714285714,50.3,50.3,86.5,26.8,91.3,26.8,42.9,61.9,88.1,29.7,65.2,96.0,11.9,49.4,50.3,23.9,1.3,47.1
ENG-Premier League,2425,Everton,James Garner,MF,23,1594,17.7,0,1,0.0,0.06,12,4,33.3,0.68,0.23,0.0,20,32,20,15,1.1299435028248588,1.807909604519774,45.3,45.3,13.0,35.4,13.0,33.1,24.5,29.7,53.6,16.9,27.3,13.3,74.5,77.9,50.8,34.9,81.8,87.0
ENG-Premier League,2425,Everton,James Tarkowski,DF,31,2922,32.5,1,1,0.03,0.03,15,4,26.7,0.46,0.12,0.07,37,40,35,29,1.1384615384615384,1.2307692307692308,84.5,84.5,68.4,66.1,60.6,57.4,74.8,72.9,49.0,49.7,46.8,65.9,90.3,91.3,96.5,88.1,71.0,66.1
ENG-Premier League,2425,Everton,Jarrad Branthwaite,DF,22,2511,27.9,0,1,0.0,0.04,10,3,30.0,0.36,0.11,0.0,24,21,12,18,0.8602150537634409,0.7526881720430108,75.5,75.5,28.7,66.1,28.7,64.2,58.7,61.9,58.9,33.5,43.9,28.1,72.3,61.0,47.4,73.9,45.2,26.5
ENG-Premier League,2425,Everton,Jesper Lindstrøm,MF,24,1239,13.8,0,1,0.0,0.07,28,10,35.7,2.03,0.73,0.0,13,24,15,10,0.9420289855072463,1.7391304347826086,37.0,37.0,13.0,35.4,13.0,35.9,60.2,64.3,60.9,75.5,72.4,13.3,60.9,66.4,34.1,23.7,72.4,85.4
ENG-Premier League,2425,Everton,Jordan Pickford,GK,30,3420,38.0,0,1,0.0,0.03,0,0,,0.0,0.0,,1,1,0,7,0.02631578947368421,0.02631578947368421,94.1,94.1,51.5,91.2,51.5,91.2,48.5,51.5,,48.5,51.5,,89.7,75.0,32.4,91.2,83.8,70.6
ENG-Premier League,2425,Everton,Michael Keane,DF,31,1049,11.7,3,0,0.26,0.0,10,4,40.0,0.86,0.34,0.3,13,10,9,0,1.1111111111111112,0.8547008547008548,31.6,31.6,95.5,26.8,98.7,26.8,58.7,72.9,74.2,85.8,91.3,94.0,43.2,31.6,34.5,1.6,68.1,37.4
ENG-Premier League,2425,Everton,Nathan Patterson,DF,22,347,3.9,0,1,0.0,0.26,1,0,0.0,0.26,0.0,0.0,2,6,5,1,0.5128205128205129,1.5384615384615385,5.2,5.8,28.7,66.1,28.7,96.8,7.1,11.3,10.3,20.0,11.3,28.1,3.2,16.5,13.5,4.8,11.0,81.9
ENG-Premier League,2425,Everton,Orel Mangala,MF,26,1261,14.0,1,0,0.07,0.0,16,6,37.5,1.14,0.43,0.06,21,8,24,17,1.5,0.5714285714285714,37.5,37.5,36.2,12.8,36.7,12.8,36.2,42.4,67.7,37.5,50.0,40.1,77.3,19.5,59.1,38.5,94.3,16.9
ENG-Premier League,2425,Everton,Tim Iroegbunam,MF,21,574,6.4,0,1,0.0,0.16,5,0,0.0,0.78,0.0,0.0,14,13,15,12,2.1875,2.03125,9.9,10.4,13.0,35.4,13.0,65.4,7.3,2.9,2.9,21.9,2.9,13.3,64.8,35.7,34.1,28.9,99.5,93.2
ENG-Premier League,2425,Everton,Vitaliy Mykolenko,DF,25,3082,34.2,1,2,0.03,0.06,14,1,7.1,0.41,0.03,0.07,42,38,22,34,1.2280701754385963,1.111111111111111,90.3,90.0,68.4,84.8,60.6,72.6,72.3,30.3,20.5,40.0,23.2,65.9,94.5,88.7,72.6,93.2,78.1,56.1
ENG-Premier League,2425,Fulham,Adama Traoré,MF,28,1772,19.7,2,7,0.1,0.36,39,12,30.8,1.98,0.61,0.05,1,13,24,32,0.050761421319796954,0.6598984771573604,53.4,53.6,53.1,92.2,44.3,94.8,75.8,71.1,43.0,74.0,62.5,34.1,3.6,35.7,59.1,72.9,2.1,21.9
ENG-Premier League,2425,Fulham,Alex Iwobi,MF,28,2981,33.1,9,6,0.27,0.18,68,29,42.6,2.05,0.88,0.13,13,26,19,18,0.39274924471299094,0.7854984894259819,92.7,92.4,94.0,86.7,80.2,71.4,94.3,94.8,79.7,76.0,81.0,74.2,60.9,68.5,47.9,42.4,24.0,30.2
ENG-Premier League,2425,Fulham,Andreas Pereira,MF,28,2013,22.4,2,4,0.09,0.18,39,9,23.1,1.74,0.4,0.05,9,12,29,24,0.4017857142857143,0.5357142857142857,62.8,62.8,53.1,76.3,41.1,71.4,75.8,60.2,24.7,63.5,44.5,34.1,43.5,32.6,66.7,57.6,25.5,14.1
ENG-Premier League,2425,Fulham,Antonee Robinson,DF,26,3167,35.2,0,10,0.0,0.28,16,2,12.5,0.45,0.06,0.0,57,57,31,20,1.6193181818181817,1.6193181818181817,94.8,94.8,28.7,100.0,28.7,98.7,78.1,46.5,25.8,46.8,28.4,28.1,99.4,99.0,92.9,78.4,92.9,84.5
ENG-Premier League,2425,Fulham,Bernd Leno,GK,32,3420,38.0,0,1,0.0,0.03,0,0,,0.0,0.0,,0,2,0,4,0.0,0.05263157894736842,94.1,94.1,51.5,91.2,51.5,91.2,48.5,51.5,,48.5,51.5,,41.2,89.7,32.4,73.5,41.2,79.4
ENG-Premier League,2425,Fulham,Calvin Bassey,DF,24,3074,34.2,1,0,0.03,0.0,14,4,28.6,0.41,0.12,0.07,19,33,26,31,0.5555555555555555,0.9649122807017543,89.7,90.0,68.4,26.8,60.6,26.8,72.3,72.9,54.6,40.0,46.8,65.9,56.8,81.6,82.9,90.0,14.5,46.5
ENG-Premier League,2425,Fulham,Emile Smith Rowe,MF,24,2043,22.7,6,3,0.26,0.13,37,11,29.7,1.63,0.48,0.16,11,18,19,15,0.4845814977973568,0.7929515418502203,64.1,64.1,84.6,67.4,77.9,57.3,72.7,67.2,38.5,59.9,52.1,86.2,52.9,48.7,47.9,34.9,34.4,32.8
ENG-Premier League,2425,Fulham,Harry Wilson,MF,27,1162,12.9,6,1,0.46,0.08,43,17,39.5,3.33,1.32,0.14,6,15,12,22,0.46511627906976744,1.1627906976744187,34.4,34.4,84.6,35.4,95.3,39.3,79.2,82.8,73.2,94.3,96.4,79.7,26.8,41.4,25.8,52.9,31.8,53.6
ENG-Premier League,2425,Fulham,Issa Diop,DF,27,1339,14.9,0,0,0.0,0.0,5,2,40.0,0.34,0.13,0.0,9,12,10,4,0.6040268456375839,0.8053691275167785,43.9,43.9,28.7,26.8,28.7,26.8,35.2,46.5,74.2,29.7,50.3,28.1,31.9,38.7,39.4,23.9,18.1,32.3
ENG-Premier League,2425,Fulham,Joachim Andersen,DF,28,2583,28.7,0,0,0.0,0.0,19,5,26.3,0.66,0.17,0.0,33,16,18,19,1.1498257839721255,0.5574912891986062,77.4,77.7,28.7,26.8,28.7,26.8,85.5,79.4,47.7,71.0,65.2,28.1,86.1,47.7,63.5,75.5,71.6,12.3
ENG-Premier League,2425,Fulham,Jorge Cuenca,DF,24,351,3.9,0,0,0.0,0.0,1,0,0.0,0.26,0.0,0.0,2,2,2,2,0.5128205128205129,0.5128205128205129,6.5,5.8,28.7,26.8,28.7,26.8,7.1,11.3,10.3,20.0,11.3,28.1,3.2,2.6,3.5,11.0,11.0,11.0
ENG-Premier League,2425,Fulham,Kenny Tete,DF,28,1774,19.7,0,2,0.0,0.1,24,2,8.3,1.22,0.1,0.0,30,38,35,16,1.5228426395939088,1.9289340101522843,57.4,57.4,28.7,84.8,28.7,81.9,91.9,46.5,21.9,95.5,39.7,28.1,81.0,88.7,96.5,70.6,90.3,96.1
ENG-Premier League,2425,Fulham,Raúl Jiménez,FW,33,2494,27.7,12,3,0.43,0.11,96,33,34.4,3.46,1.19,0.09,11,24,39,41,0.39711191335740076,0.8664259927797834,82.1,82.1,84.8,65.2,66.1,43.8,96.4,86.6,25.0,85.7,72.3,30.4,99.1,98.2,94.6,89.3,91.1,82.1
ENG-Premier League,2425,Fulham,Reiss Nelson,MF,24,487,5.4,1,1,0.18,0.18,12,6,50.0,2.22,1.11,0.08,5,5,6,9,0.9259259259259258,0.9259259259259258,7.8,7.8,36.2,35.4,66.1,71.4,24.5,42.4,92.7,79.7,89.6,53.9,21.9,12.5,8.9,20.1,70.8,38.0
ENG-Premier League,2425,Fulham,Rodrigo Muniz,FW,23,964,10.7,8,1,0.75,0.09,40,19,47.5,3.73,1.77,0.2,4,6,11,31,0.3738317757009346,0.5607476635514019,35.7,35.7,62.5,32.1,97.3,34.8,48.2,54.5,83.9,91.1,94.6,88.4,58.0,38.4,28.6,81.2,85.7,58.9
ENG-Premier League,2425,Fulham,Ryan Sessegnon,MF,24,580,6.4,4,2,0.62,0.31,14,8,57.1,2.17,1.24,0.29,4,12,20,4,0.625,1.875,10.9,10.4,74.0,54.2,98.4,91.7,30.7,55.2,96.1,78.6,94.3,98.7,16.4,32.6,50.8,6.8,49.2,90.1
ENG-Premier League,2425,Fulham,Sander Berge,MF,26,2224,24.7,0,0,0.0,0.0,3,1,33.3,0.12,0.04,0.0,21,32,30,10,0.8502024291497976,1.2955465587044535,70.3,69.8,13.0,12.8,13.0,12.8,4.7,9.4,53.6,0.5,6.2,13.3,77.3,77.9,68.8,23.7,63.5,63.0
ENG-Premier League,2425,Fulham,Saša Lukić,MF,27,2344,26.0,0,2,0.0,0.08,18,3,16.7,0.69,0.12,0.0,26,38,66,26,1.0,1.4615384615384615,74.5,74.2,13.0,54.2,13.0,39.3,41.1,22.7,13.5,18.2,14.6,13.3,84.9,86.5,98.4,62.2,75.0,71.4
ENG-Premier League,2425,Fulham,Timothy Castagne,DF,28,1649,18.3,0,1,0.0,0.05,8,3,37.5,0.44,0.16,0.0,23,31,15,6,1.256830601092896,1.6939890710382512,51.6,51.6,28.7,66.1,28.7,68.7,50.6,61.9,70.9,44.8,61.3,28.1,70.3,79.0,52.9,36.1,80.0,89.0
ENG-Premier League,2425,Fulham,Tom Cairney,MF,33,628,7.0,2,0,0.29,0.0,11,4,36.4,1.58,0.57,0.18,4,4,8,19,0.5714285714285714,0.5714285714285714,13.0,13.0,53.1,12.8,83.1,12.8,21.1,29.7,65.1,56.2,58.9,90.9,16.4,7.6,14.8,46.6,43.5,16.9
ENG-Premier League,2425,Ipswich Town,Alex Palmer,GK,27,1170,13.0,0,0,0.0,0.0,0,0,,0.0,0.0,,0,0,1,4,0.0,0.0,41.2,41.2,51.5,44.1,51.5,44.1,48.5,51.5,,48.5,51.5,,41.2,33.8,73.5,73.5,41.2,33.8
ENG-Premier League,2425,Ipswich Town,Arijanet Muric,GK,25,1620,18.0,0,0,0.0,0.0,0,0,,0.0,0.0,,0,0,0,4,0.0,0.0,44.1,44.1,51.5,44.1,51.5,44.1,48.5,51.5,,48.5,51.5,,41.2,33.8,32.4,73.5,41.2,33.8
ENG-Premier League,2425,Ipswich Town,Axel Tuanzebe,DF,26,1710,19.0,0,1,0.0,0.05,4,0,0.0,0.21,0.0,0.0,22,19,17,12,1.1578947368421053,1.0,54.2,54.5,28.7,66.1,28.7,68.7,28.1,11.3,10.3,13.5,11.3,28.1,66.8,54.5,60.3,61.3,72.9,49.4
ENG-Premier League,2425,Ipswich Town,Ben Johnson,MF,24,1354,15.0,1,2,0.07,0.13,7,3,42.9,0.47,0.2,0.14,13,20,27,6,0.8666666666666667,1.3333333333333333,38.5,38.5,36.2,54.2,36.7,57.3,11.2,22.7,81.2,8.3,22.4,79.7,60.9,53.1,63.5,11.5,64.6,66.4
ENG-Premier League,2425,Ipswich Town,Cameron Burgess,DF,28,1541,17.1,0,2,0.0,0.12,10,3,30.0,0.58,0.18,0.0,10,13,6,4,0.5847953216374269,0.7602339181286549,49.7,49.7,28.7,84.8,28.7,85.2,58.7,61.9,58.9,67.1,67.4,28.1,35.5,40.3,19.0,23.9,17.4,27.7
ENG-Premier League,2425,Ipswich Town,Christian Walton,GK,28,630,7.0,0,0,0.0,0.0,0,0,,0.0,0.0,,0,0,0,1,0.0,0.0,20.6,20.6,51.5,44.1,51.5,44.1,48.5,51.5,,48.5,51.5,,41.2,33.8,32.4,29.4,41.2,33.8
ENG-Premier League,2425,Ipswich Town,Conor Chaplin,MF,27,857,9.5,1,1,0.11,0.11,16,4,25.0,1.68,0.42,0.06,3,5,11,7,0.3157894736842105,0.5263157894736842,24.5,24.0,36.2,35.4,47.4,49.2,36.2,29.7,28.9,62.0,48.4,40.1,12.0,12.5,22.9,13.5,17.2,12.8
ENG-Premier League,2425,Ipswich Town,Conor Townsend,DF,31,335,3.7,0,1,0.0,0.27,1,0,0.0,0.27,0.0,0.0,5,7,2,4,1.3513513513513513,1.8918918918918919,3.9,3.2,28.7,66.1,28.7,97.7,7.1,11.3,10.3,22.3,11.3,28.1,17.4,21.6,3.5,23.9,83.5,95.5
ENG-Premier League,2425,Ipswich Town,Dara O'Shea,DF,25,3122,34.7,0,2,0.0,0.06,22,2,9.1,0.63,0.06,0.0,33,30,21,25,0.9510086455331411,0.8645533141210374,92.9,92.9,28.7,84.8,28.7,72.6,90.0,46.5,23.5,69.4,28.4,28.1,86.1,77.1,70.3,84.8,57.4,38.7
ENG-Premier League,2425,Ipswich Town,George Hirst,FW,25,661,7.3,3,1,0.41,0.14,14,7,50.0,1.91,0.95,0.21,2,3,13,12,0.273972602739726,0.4109589041095891,25.0,25.0,34.8,32.1,58.9,56.2,17.9,23.2,93.8,25.0,42.9,92.0,34.8,17.9,37.5,32.1,69.6,41.1
ENG-Premier League,2425,Ipswich Town,Harry Clarke,DF,23,379,4.2,0,0,0.0,0.0,1,1,100.0,0.24,0.24,0.0,3,3,5,1,0.7142857142857143,0.7142857142857143,8.4,8.4,28.7,26.8,28.7,26.8,7.1,30.3,98.7,16.8,78.7,28.1,7.1,4.5,13.5,4.8,28.4,24.8
ENG-Premier League,2425,Ipswich Town,Jack Clarke,MF,23,1181,13.1,0,4,0.0,0.3,17,2,11.8,1.3,0.15,0.0,7,18,16,23,0.5343511450381679,1.3740458015267176,35.4,35.2,13.0,76.3,13.0,89.8,38.5,16.4,8.3,45.6,17.7,13.3,32.0,48.7,38.5,54.9,41.1,69.3
ENG-Premier League,2425,Ipswich Town,Jack Taylor,MF,26,860,9.6,1,0,0.1,0.0,19,4,21.1,1.99,0.42,0.05,9,11,16,5,0.9375,1.1458333333333335,25.0,25.3,36.2,12.8,44.3,12.8,43.2,29.7,20.3,74.5,48.4,34.1,43.5,29.4,38.5,9.4,71.9,52.6
ENG-Premier League,2425,Ipswich Town,Jacob Greaves,DF,23,2205,24.5,1,0,0.04,0.0,10,4,40.0,0.41,0.16,0.1,21,22,16,21,0.8571428571428571,0.8979591836734694,69.0,69.0,68.4,26.8,65.8,26.8,58.7,72.9,74.2,40.0,61.3,73.8,62.6,63.5,56.1,81.3,44.5,41.9
ENG-Premier League,2425,Ipswich Town,Jaden Philogene Bidace,MF,22,474,5.3,2,0,0.38,0.0,12,6,50.0,2.28,1.14,0.17,8,7,8,10,1.509433962264151,1.3207547169811322,6.8,6.8,53.1,12.8,91.4,12.8,24.5,42.4,92.7,81.2,91.9,87.5,38.0,16.4,14.8,23.7,94.8,65.6
ENG-Premier League,2425,Ipswich Town,Jens Cajuste,MF,24,1959,21.8,1,1,0.05,0.05,12,1,8.3,0.55,0.05,0.08,29,22,23,22,1.3302752293577982,1.0091743119266054,59.9,60.7,36.2,35.4,31.2,29.7,24.5,9.4,6.5,10.4,7.8,53.9,91.1,58.9,57.0,52.9,90.1,45.8
ENG-Premier League,2425,Ipswich Town,Julio Enciso,MF,20,869,9.7,2,3,0.21,0.31,32,11,34.4,3.31,1.14,0.06,1,9,9,21,0.10309278350515465,0.9278350515463918,26.0,26.0,53.1,67.4,69.3,91.7,64.8,67.2,57.8,93.8,91.9,40.1,3.6,23.4,18.8,50.8,3.1,39.1
ENG-Premier League,2425,Ipswich Town,Kalvin Phillips,MF,28,1237,13.7,0,0,0.0,0.0,11,2,18.2,0.8,0.15,0.0,18,20,28,21,1.3138686131386863,1.4598540145985401,36.5,36.5,13.0,12.8,13.0,12.8,21.1,16.4,15.6,23.4,17.7,13.3,70.3,53.1,65.1,50.8,89.6,70.3
ENG-Premier League,2425,Ipswich Town,Leif Davis,DF,24,2743,30.5,1,2,0.03,0.07,16,2,12.5,0.52,0.07,0.06,25,28,26,31,0.819672131147541,0.9180327868852459,80.6,80.6,68.4,84.8,60.6,75.5,78.1,46.5,25.8,59.4,31.3,62.9,74.5,73.2,82.9,90.0,40.0,43.2
ENG-Premier League,2425,Ipswich Town,Liam Delap,FW,21,2593,28.8,12,2,0.42,0.07,68,32,47.1,2.36,1.11,0.15,2,8,72,51,0.06944444444444445,0.2777777777777778,87.5,87.5,84.8,50.9,62.5,29.5,81.2,83.0,82.1,48.2,59.8,63.4,34.8,56.2,100.0,95.5,19.6,23.2
ENG-Premier League,2425,Ipswich Town,Luke Woolfenden,DF,25,1187,13.2,0,0,0.0,0.0,1,0,0.0,0.08,0.0,0.0,21,6,5,2,1.590909090909091,0.4545454545454546,40.6,40.6,28.7,26.8,28.7,26.8,7.1,11.3,10.3,3.9,11.3,28.1,62.6,16.5,13.5,11.0,92.3,5.8
ENG-Premier League,2425,Ipswich Town,Nathan Broadhead,MF,26,702,7.8,2,0,0.26,0.0,13,8,61.5,1.67,1.03,0.15,4,4,4,13,0.5128205128205129,0.5128205128205129,15.6,15.9,53.1,12.8,77.9,12.8,28.1,55.2,98.4,61.5,85.7,84.1,16.4,7.6,4.2,31.8,38.3,11.2
ENG-Premier League,2425,Ipswich Town,Omari Hutchinson,MF,20,2583,28.7,3,2,0.1,0.07,45,19,42.2,1.57,0.66,0.07,11,13,31,46,0.3832752613240418,0.4529616724738676,79.7,79.7,64.8,54.2,44.3,35.9,81.5,87.5,78.1,54.9,66.7,47.1,52.9,35.7,70.8,85.9,22.4,7.8
ENG-Premier League,2425,Ipswich Town,Sam Morsy,MF,32,2751,30.6,1,1,0.03,0.03,13,3,23.1,0.43,0.1,0.08,28,39,48,27,0.9150326797385621,1.2745098039215685,85.4,85.4,36.2,35.4,26.6,26.0,28.1,22.7,24.7,7.3,12.0,53.9,89.6,87.8,90.9,64.3,69.3,62.0
ENG-Premier League,2425,Ipswich Town,Sammie Szmodics,MF,28,992,11.0,4,0,0.36,0.0,21,12,57.1,1.91,1.09,0.19,5,12,9,8,0.45454545454545453,1.0909090909090908,29.2,29.2,74.0,12.8,89.8,12.8,47.7,71.1,96.1,70.3,89.1,94.3,21.9,32.6,18.8,16.7,29.7,50.0
ENG-Premier League,2425,Ipswich Town,Wes Burns,MF,29,926,10.3,0,1,0.0,0.1,7,1,14.3,0.68,0.1,0.0,10,11,4,11,0.9708737864077669,1.0679611650485437,27.1,27.1,13.0,35.4,13.0,45.6,11.2,9.4,10.4,16.9,12.0,13.3,47.9,29.4,4.2,26.8,74.5,49.5
ENG-Premier League,2425,Leicester City,Abdul Fatawu Issahaku,MF,20,579,6.4,0,2,0.0,0.31,13,5,38.5,2.02,0.78,0.0,4,15,11,20,0.625,2.34375,10.4,10.4,13.0,54.2,13.0,91.7,28.1,36.5,71.6,75.0,74.7,13.3,16.4,41.4,22.9,48.7,49.2,96.9
ENG-Premier League,2425,Leicester City,Bilal El Khannouss,MF,20,2182,24.2,2,3,0.08,0.12,30,7,23.3,1.24,0.29,0.07,5,30,30,13,0.2066115702479339,1.2396694214876034,67.2,67.2,53.1,67.4,38.5,53.4,62.5,49.2,25.5,41.9,33.3,47.1,21.9,75.0,68.8,31.8,7.8,60.4
ENG-Premier League,2425,Leicester City,Bobby De Cordova-Reid,MF,31,744,8.3,1,2,0.12,0.24,7,3,42.9,0.85,0.36,0.14,1,3,8,9,0.12048192771084336,0.36144578313253006,18.2,18.0,36.2,54.2,50.8,85.4,11.2,22.7,81.2,25.8,40.6,79.7,3.6,3.6,14.8,20.1,3.6,5.7
ENG-Premier League,2425,Leicester City,Boubakary Soumaré,MF,25,2171,24.1,0,0,0.0,0.0,7,0,0.0,0.29,0.0,0.0,27,19,24,23,1.120331950207469,0.7883817427385892,66.7,66.7,13.0,12.8,13.0,12.8,11.2,2.9,2.9,2.9,2.9,13.3,87.5,51.3,59.1,54.9,80.7,30.7
ENG-Premier League,2425,Leicester City,Caleb Okoli,DF,23,1125,12.5,1,0,0.08,0.0,4,2,50.0,0.32,0.16,0.25,15,14,16,9,1.2,1.12,38.1,37.7,68.4,26.8,84.2,26.8,28.1,46.5,88.1,25.2,61.3,91.7,48.1,42.6,56.1,48.1,75.5,57.4
ENG-Premier League,2425,Leicester City,Conor Coady,DF,31,1714,19.0,1,0,0.05,0.0,2,2,100.0,0.11,0.11,0.5,12,9,8,3,0.631578947368421,0.47368421052631576,54.8,54.5,68.4,26.8,70.3,26.8,15.5,46.5,98.7,5.5,43.9,99.0,40.3,29.0,28.1,17.4,19.4,7.7
ENG-Premier League,2425,Leicester City,Facundo Buonanotte,MF,19,1523,16.9,5,2,0.3,0.12,36,12,33.3,2.13,0.71,0.14,13,33,36,35,0.7692307692307693,1.9526627218934913,42.7,42.7,80.2,54.2,84.4,53.4,71.1,71.1,53.6,77.1,71.1,79.7,60.9,80.2,77.1,77.3,59.4,90.6
ENG-Premier League,2425,Leicester City,Harry Winks,MF,28,1538,17.1,0,2,0.0,0.12,10,4,40.0,0.59,0.23,0.0,8,10,9,13,0.4678362573099415,0.5847953216374269,43.2,43.2,13.0,54.2,13.0,53.4,18.2,29.7,74.5,13.5,27.3,13.3,38.0,26.3,18.8,31.8,32.8,17.7
ENG-Premier League,2425,Leicester City,Jakub Stolarczyk,GK,23,900,10.0,0,0,0.0,0.0,0,0,,0.0,0.0,,0,1,0,0,0.0,0.1,29.4,29.4,51.5,44.1,51.5,44.1,48.5,51.5,,48.5,51.5,,41.2,75.0,32.4,10.3,41.2,94.1
ENG-Premier League,2425,Leicester City,James Justin,DF,26,2912,32.4,2,2,0.06,0.06,25,7,28.0,0.77,0.22,0.08,44,38,28,44,1.3580246913580247,1.1728395061728396,83.9,83.9,86.5,84.8,76.8,72.6,93.2,90.6,53.0,80.3,74.5,69.9,96.1,88.7,88.1,97.7,85.2,61.3
ENG-Premier League,2425,Leicester City,Jamie Vardy,FW,37,2823,31.4,9,4,0.29,0.13,58,26,44.8,1.85,0.83,0.14,5,12,27,23,0.15923566878980894,0.3821656050955414,96.4,96.4,70.5,77.7,35.7,51.8,69.6,76.8,73.2,17.9,33.0,56.2,71.4,76.8,69.6,61.6,35.7,26.8
ENG-Premier League,2425,Leicester City,Jannik Vestergaard,DF,31,1391,15.5,0,0,0.0,0.0,3,2,66.7,0.19,0.13,0.0,15,10,12,4,0.967741935483871,0.6451612903225806,45.8,45.8,28.7,26.8,28.7,26.8,22.6,46.5,96.4,11.0,50.3,28.1,48.1,31.6,47.4,23.9,60.0,16.8
ENG-Premier League,2425,Leicester City,Jordan Ayew,MF,32,1638,18.2,5,0,0.27,0.0,32,10,31.3,1.76,0.55,0.13,11,14,30,58,0.6043956043956045,0.7692307692307693,47.4,47.4,80.2,12.8,80.2,12.8,64.8,64.3,45.3,64.1,57.8,74.2,52.9,38.8,68.8,96.1,47.9,28.6
ENG-Premier League,2425,Leicester City,Kasey McAteer,MF,22,852,9.5,1,1,0.11,0.11,13,7,53.8,1.37,0.74,0.08,2,15,18,15,0.21052631578947367,1.5789473684210527,23.4,24.0,36.2,35.4,47.4,49.2,28.1,49.2,93.8,48.2,73.2,53.9,7.8,41.4,45.3,34.9,8.3,79.2
ENG-Premier League,2425,Leicester City,Luke Thomas,DF,23,1110,12.3,0,0,0.0,0.0,5,0,0.0,0.41,0.0,0.0,20,25,16,10,1.6260162601626016,2.0325203252032518,36.1,35.8,28.7,26.8,28.7,26.8,35.2,11.3,10.3,40.0,11.3,28.1,59.4,68.1,56.1,51.9,94.2,97.4
ENG-Premier League,2425,Leicester City,Mads Hermansen,GK,24,2385,26.5,0,0,0.0,0.0,0,0,,0.0,0.0,,0,1,0,3,0.0,0.03773584905660377,55.9,55.9,51.5,44.1,51.5,44.1,48.5,51.5,,48.5,51.5,,41.2,75.0,32.4,61.8,41.2,76.5
ENG-Premier League,2425,Leicester City,Oliver Skipp,MF,23,1129,12.5,0,0,0.0,0.0,5,1,20.0,0.4,0.08,0.0,12,4,21,13,0.96,0.32,32.8,32.8,13.0,12.8,13.0,12.8,7.3,9.4,17.7,4.7,9.4,13.3,57.0,7.6,54.2,31.8,74.0,4.2
ENG-Premier League,2425,Leicester City,Patson Daka,MF,25,736,8.2,1,0,0.12,0.0,15,4,26.7,1.83,0.49,0.07,1,10,15,19,0.12195121951219513,1.2195121951219514,17.2,17.2,36.2,12.8,50.8,12.8,33.6,29.7,31.0,66.7,53.6,47.1,3.6,26.3,34.1,46.6,4.2,59.4
ENG-Premier League,2425,Leicester City,Ricardo Pereira,DF,30,388,4.3,0,0,0.0,0.0,2,1,50.0,0.46,0.23,0.0,4,7,6,8,0.9302325581395349,1.627906976744186,9.7,9.4,28.7,26.8,28.7,26.8,15.5,30.3,88.1,49.7,77.1,28.1,11.9,21.6,19.0,44.8,54.2,85.8
ENG-Premier League,2425,Leicester City,Stephy Mavididi,MF,26,1615,17.9,4,1,0.22,0.06,26,7,26.9,1.45,0.39,0.15,8,20,18,18,0.446927374301676,1.11731843575419,45.8,45.8,74.0,35.4,71.4,33.1,56.5,49.2,31.8,50.5,43.5,84.1,38.0,53.1,45.3,42.4,29.2,51.6
ENG-Premier League,2425,Leicester City,Victor Bernth Kristiansen,DF,21,2482,27.6,0,1,0.0,0.04,3,0,0.0,0.11,0.0,0.0,37,51,19,18,1.3405797101449275,1.8478260869565217,74.5,74.5,28.7,66.1,28.7,64.2,22.6,11.3,10.3,5.5,11.3,28.1,90.3,98.1,66.1,73.9,82.6,93.5
ENG-Premier League,2425,Leicester City,Wilfred Ndidi,MF,27,2324,25.8,0,5,0.0,0.19,22,8,36.4,0.85,0.31,0.0,27,48,39,18,1.0465116279069766,1.8604651162790697,72.9,73.2,13.0,82.0,13.0,74.0,49.7,55.2,65.1,25.8,35.2,13.3,87.5,91.4,79.7,42.4,77.6,89.1
ENG-Premier League,2425,Leicester City,Wout Faes,DF,26,2815,31.3,1,0,0.03,0.0,12,1,8.3,0.38,0.03,0.08,22,28,23,11,0.7028753993610224,0.8945686900958466,81.3,81.3,68.4,26.8,60.6,26.8,66.8,30.3,21.9,36.1,23.2,69.9,66.8,73.2,75.8,56.8,27.7,40.6
ENG-Premier League,2425,Liverpool,Alexis Mac Allister,MF,25,2599,28.9,5,5,0.17,0.17,38,14,36.8,1.32,0.48,0.13,22,59,62,40,0.7612456747404844,2.041522491349481,81.8,81.8,80.2,82.0,63.5,68.2,74.2,76.6,66.7,46.6,52.1,74.2,79.9,97.9,96.9,82.3,58.9,93.8
ENG-Premier League,2425,Liverpool,Alisson,GK,31,2508,27.9,0,0,0.0,0.0,0,0,,0.0,0.0,,0,0,0,2,0.0,0.0,58.8,58.8,51.5,44.1,51.5,44.1,48.5,51.5,,48.5,51.5,,41.2,33.8,32.4,48.5,41.2,33.8
ENG-Premier League,2425,Liverpool,Andrew Robertson,DF,30,2482,27.6,0,1,0.0,0.04,15,3,20.0,0.54,0.11,0.0,21,21,11,8,0.7608695652173912,0.7608695652173912,74.5,74.5,28.7,66.1,28.7,64.2,74.8,61.9,33.8,61.9,43.9,28.1,62.6,61.0,43.2,44.8,34.8,28.4
ENG-Premier League,2425,Liverpool,Caoimhín Kelleher,GK,25,900,10.0,0,0,0.0,0.0,0,0,,0.0,0.0,,0,0,0,3,0.0,0.0,29.4,29.4,51.5,44.1,51.5,44.1,48.5,51.5,,48.5,51.5,,41.2,33.8,32.4,61.8,41.2,33.8
ENG-Premier League,2425,Liverpool,Cody Gakpo,MF,25,1935,21.5,10,4,0.47,0.19,57,23,40.4,2.65,1.07,0.18,12,17,20,31,0.5581395348837209,0.7906976744186046,58.9,59.1,95.6,76.3,96.4,74.0,89.8,91.4,75.5,87.2,87.5,90.9,57.0,46.6,50.8,71.4,42.2,31.2
ENG-Premier League,2425,Liverpool,Conor Bradley,DF,21,754,8.4,0,2,0.0,0.24,10,3,30.0,1.19,0.36,0.0,3,10,12,14,0.35714285714285715,1.1904761904761905,20.6,20.6,28.7,84.8,28.7,96.1,58.7,61.9,58.9,94.2,94.8,28.1,7.1,31.6,47.4,66.8,3.9,63.2
ENG-Premier League,2425,Liverpool,Curtis Jones,MF,23,1712,19.0,3,3,0.16,0.16,34,13,38.2,1.79,0.68,0.09,7,22,18,25,0.3684210526315789,1.1578947368421053,51.0,51.0,64.8,67.4,61.2,65.4,68.2,74.7,69.8,65.9,69.5,59.1,32.0,58.9,45.3,59.9,20.8,53.1
ENG-Premier League,2425,Liverpool,Darwin Núñez,FW,25,1133,12.6,5,2,0.4,0.16,34,13,38.2,2.7,1.03,0.15,4,18,27,14,0.31746031746031744,1.4285714285714286,41.1,41.1,48.2,50.9,53.6,61.6,45.5,42.9,42.9,64.3,51.8,63.4,58.0,92.9,69.6,43.8,76.8,98.2
ENG-Premier League,2425,Liverpool,Diogo Jota,FW,27,1196,13.3,6,3,0.45,0.23,51,13,25.5,3.84,0.98,0.12,8,9,23,14,0.6015037593984962,0.6766917293233082,42.9,42.9,51.8,65.2,72.3,81.2,58.9,42.9,12.5,94.6,45.5,45.5,92.9,65.2,58.9,43.8,98.2,69.6
ENG-Premier League,2425,Liverpool,Dominik Szoboszlai,MF,23,2491,27.7,6,6,0.22,0.22,67,23,34.3,2.42,0.83,0.09,9,23,44,24,0.3249097472924188,0.8303249097472925,77.6,77.6,84.6,86.7,71.4,81.2,93.8,91.4,57.0,83.3,77.6,59.1,43.5,63.3,85.9,57.6,18.8,35.4
ENG-Premier League,2425,Liverpool,Harvey Elliott,MF,21,371,4.1,1,2,0.24,0.49,17,4,23.5,4.12,0.97,0.06,1,3,0,1,0.24390243902439027,0.7317073170731708,5.2,4.7,36.2,54.2,74.5,99.0,38.5,29.7,26.0,99.0,84.4,40.1,3.6,3.6,0.5,1.3,11.2,25.3
ENG-Premier League,2425,Liverpool,Ibrahima Konaté,DF,25,2560,28.4,1,2,0.04,0.07,19,4,21.1,0.67,0.14,0.05,19,28,27,20,0.6690140845070423,0.9859154929577465,76.8,76.8,68.4,84.8,65.8,75.5,85.5,72.9,37.7,72.3,54.2,60.3,56.8,73.2,85.2,78.4,23.2,47.7
ENG-Premier League,2425,Liverpool,Jarell Quansah,DF,21,495,5.5,0,0,0.0,0.0,1,0,0.0,0.18,0.0,0.0,7,8,9,1,1.2727272727272727,1.4545454545454546,14.2,14.5,28.7,26.8,28.7,26.8,7.1,11.3,10.3,8.7,11.3,28.1,25.2,25.8,34.5,4.8,80.6,77.4
ENG-Premier League,2425,Liverpool,Joe Gomez,DF,27,519,5.8,0,0,0.0,0.0,3,2,66.7,0.52,0.35,0.0,7,10,2,3,1.206896551724138,1.7241379310344829,16.1,16.1,28.7,26.8,28.7,26.8,22.6,46.5,96.4,59.4,93.2,28.1,25.2,31.6,3.5,17.4,76.8,91.0
ENG-Premier League,2425,Liverpool,Kostas Tsimikas,DF,28,837,9.3,0,1,0.0,0.11,4,2,50.0,0.43,0.22,0.0,10,19,9,6,1.075268817204301,2.043010752688172,23.2,23.2,28.7,66.1,28.7,84.2,28.1,46.5,88.1,43.2,74.5,28.1,35.5,54.5,34.5,36.1,65.2,98.1
ENG-Premier League,2425,Liverpool,Luis Díaz,FW,27,2399,26.7,13,5,0.49,0.19,71,30,42.3,2.66,1.13,0.18,7,27,48,31,0.2621722846441948,1.0112359550561798,78.6,78.6,87.5,85.7,83.0,69.6,85.7,80.4,60.7,62.5,66.1,80.4,87.5,100.0,98.2,81.2,66.1,91.1
ENG-Premier League,2425,Liverpool,Mohamed Salah,MF,32,3371,37.5,29,18,0.77,0.48,130,61,46.9,3.47,1.63,0.15,9,11,25,39,0.24,0.29333333333333333,99.5,99.5,100.0,100.0,99.2,98.4,100.0,100.0,87.0,95.3,99.5,84.1,43.5,29.4,61.5,80.7,9.9,2.6
ENG-Premier League,2425,Liverpool,Ryan Gravenberch,MF,22,3160,35.1,0,4,0.0,0.11,20,5,25.0,0.57,0.14,0.0,56,37,47,52,1.5954415954415955,1.054131054131054,96.4,96.4,13.0,76.3,13.0,49.2,45.6,36.5,28.9,13.0,16.1,13.3,100.0,85.4,89.1,92.2,96.4,49.0
ENG-Premier League,2425,Liverpool,Trent Alexander-Arnold,DF,25,2365,26.3,3,6,0.11,0.23,45,8,17.8,1.71,0.3,0.07,31,49,11,9,1.1787072243346006,1.8631178707224334,71.6,71.3,95.5,98.7,91.3,95.5,100.0,94.5,29.1,99.7,86.5,65.9,82.9,97.1,43.2,48.1,73.5,94.2
ENG-Premier League,2425,Liverpool,Virgil van Dijk,DF,33,3330,37.0,3,1,0.08,0.03,26,8,30.8,0.7,0.22,0.12,54,20,17,13,1.4594594594594594,0.5405405405405406,97.4,97.4,95.5,66.1,84.2,57.4,94.2,94.5,61.6,75.8,74.5,79.1,97.7,58.1,60.3,64.5,88.4,11.6
ENG-Premier League,2425,Manchester City,Abdukodir Khusanov,DF,20,503,5.6,0,0,0.0,0.0,1,0,0.0,0.18,0.0,0.0,3,4,3,3,0.5357142857142857,0.7142857142857143,15.5,15.5,28.7,26.8,28.7,26.8,7.1,11.3,10.3,8.7,11.3,28.1,7.1,7.4,7.4,17.4,12.9,24.8
ENG-Premier League,2425,Manchester City,Bernardo Silva,MF,29,2670,29.7,4,4,0.13,0.13,32,12,37.5,1.08,0.4,0.13,21,35,27,31,0.7070707070707071,1.1784511784511784,83.9,83.9,74.0,76.3,54.2,57.3,64.8,71.1,67.7,35.7,44.5,74.2,77.3,82.0,63.5,71.4,54.2,55.2
ENG-Premier League,2425,Manchester City,Ederson,GK,30,2320,25.8,0,4,0.0,0.16,0,0,,0.0,0.0,,1,0,1,0,0.03875968992248062,0.0,52.9,52.9,51.5,100.0,51.5,100.0,48.5,51.5,,48.5,51.5,,89.7,33.8,73.5,10.3,94.1,33.8
ENG-Premier League,2425,Manchester City,Erling Haaland,FW,24,2736,30.4,22,3,0.72,0.1,109,60,55.0,3.59,1.97,0.17,5,6,24,13,0.16447368421052633,0.19736842105263158,92.9,92.9,98.2,65.2,94.6,40.2,100.0,100.0,98.2,89.3,98.2,74.1,71.4,38.4,60.7,36.6,37.5,10.7
ENG-Premier League,2425,Manchester City,Jack Grealish,MF,28,721,8.0,1,1,0.12,0.12,15,5,33.3,1.87,0.62,0.07,2,4,5,25,0.25,0.5,16.7,16.7,36.2,35.4,50.8,53.4,33.6,36.5,53.6,68.2,63.5,47.1,7.8,7.6,6.0,59.9,12.0,9.9
ENG-Premier League,2425,Manchester City,James Mcatee,MF,21,349,3.9,3,0,0.77,0.0,12,4,33.3,3.09,1.03,0.25,2,1,6,3,0.5128205128205129,0.25641025641025644,3.1,3.1,64.8,12.8,99.2,12.8,24.5,29.7,53.6,93.2,85.7,97.1,7.8,1.3,8.9,4.2,38.3,2.1
ENG-Premier League,2425,Manchester City,Jeremy Doku,MF,22,1516,16.8,3,6,0.18,0.36,29,9,31.0,1.72,0.53,0.1,3,23,10,33,0.17857142857142858,1.369047619047619,42.2,42.2,64.8,86.7,66.1,94.8,61.7,60.2,43.8,63.0,57.0,64.3,12.0,63.3,21.1,74.2,5.7,68.8
ENG-Premier League,2425,Manchester City,John Stones,DF,30,548,6.1,2,0,0.33,0.0,2,2,100.0,0.33,0.33,1.0,4,3,2,2,0.6557377049180328,0.49180327868852464,18.7,18.7,86.5,26.8,99.4,26.8,15.5,46.5,98.7,27.1,89.4,100.0,11.9,4.5,3.5,11.0,21.9,10.3
ENG-Premier League,2425,Manchester City,Joško Gvardiol,DF,22,3277,36.4,5,0,0.14,0.0,40,12,30.0,1.1,0.33,0.13,42,38,16,27,1.153846153846154,1.043956043956044,96.1,96.1,99.4,26.8,93.9,26.8,99.0,99.0,58.9,93.5,89.4,81.5,94.5,88.7,56.1,86.1,72.3,52.9
ENG-Premier League,2425,Manchester City,Kevin De Bruyne,MF,33,1702,18.9,4,7,0.21,0.37,57,18,31.6,3.01,0.95,0.07,7,9,17,18,0.3703703703703704,0.4761904761904762,50.5,50.5,74.0,92.2,69.3,95.8,89.8,86.2,46.4,92.2,83.3,47.1,32.0,23.4,42.2,42.4,21.4,9.4
ENG-Premier League,2425,Manchester City,Kyle Walker,DF,34,970,10.8,0,0,0.0,0.0,5,2,40.0,0.46,0.19,0.0,3,10,6,4,0.27777777777777773,0.9259259259259258,28.4,28.7,28.7,26.8,28.7,26.8,35.2,46.5,74.2,49.7,69.4,28.1,7.1,31.6,19.0,23.9,1.9,44.2
ENG-Premier League,2425,Manchester City,Manuel Akanji,DF,29,2014,22.4,0,0,0.0,0.0,15,2,13.3,0.67,0.09,0.0,9,11,17,9,0.4017857142857143,0.4910714285714286,63.2,63.5,28.7,26.8,28.7,26.8,74.8,46.5,27.2,72.3,36.8,28.1,31.9,35.8,60.3,48.1,6.1,9.7
ENG-Premier League,2425,Manchester City,Mateo Kovačić,MF,30,2198,24.4,6,2,0.25,0.08,45,12,26.7,1.84,0.49,0.13,22,39,24,26,0.9016393442622951,1.598360655737705,68.2,68.2,84.6,54.2,76.3,39.3,81.5,71.1,31.0,67.4,53.6,74.2,79.9,87.8,59.1,62.2,67.2,80.7
ENG-Premier League,2425,Manchester City,Matheus Nunes,DF,25,1674,18.6,1,6,0.05,0.32,9,4,44.4,0.48,0.22,0.11,14,21,30,20,0.7526881720430108,1.129032258064516,52.3,52.3,68.4,98.7,70.3,100.0,53.5,72.9,79.8,52.6,74.5,76.5,45.5,61.0,90.6,78.4,32.3,58.7
ENG-Premier League,2425,Manchester City,Nathan Aké,DF,29,678,7.5,0,0,0.0,0.0,3,0,0.0,0.4,0.0,0.0,3,6,2,0,0.4,0.8,19.4,19.4,28.7,26.8,28.7,26.8,22.6,11.3,10.3,37.4,11.3,28.1,7.1,16.5,3.5,1.6,5.2,31.6
ENG-Premier League,2425,Manchester City,Nico O’Reilly,DF,19,528,5.9,2,0,0.34,0.0,8,3,37.5,1.36,0.51,0.25,4,4,6,4,0.6779661016949152,0.6779661016949152,17.7,17.4,86.5,26.8,100.0,26.8,50.6,61.9,70.9,98.1,99.0,91.7,11.9,7.4,19.0,23.9,25.2,20.0
ENG-Premier League,2425,Manchester City,Nicolás González,MF,22,760,8.4,1,0,0.12,0.0,9,2,22.2,1.07,0.24,0.11,8,4,13,5,0.9523809523809523,0.47619047619047616,19.3,19.0,36.2,12.8,50.8,12.8,15.1,16.4,22.7,34.6,29.2,68.8,38.0,7.6,29.2,9.4,72.9,8.9
ENG-Premier League,2425,Manchester City,Omar Marmoush,MF,25,1175,13.1,7,0,0.54,0.0,49,17,34.7,3.75,1.3,0.14,6,8,15,20,0.4580152671755725,0.6106870229007634,34.9,35.2,88.5,12.8,97.9,12.8,84.6,82.8,59.1,97.9,95.3,79.7,26.8,19.5,34.1,48.7,30.7,19.3
ENG-Premier League,2425,Manchester City,Phil Foden,MF,24,1777,19.7,7,2,0.35,0.1,54,16,29.6,2.73,0.81,0.13,9,5,5,35,0.4568527918781726,0.25380710659898476,54.2,53.6,88.5,54.2,88.8,45.6,86.5,79.7,37.8,89.1,76.6,74.2,43.5,12.5,6.0,77.3,30.2,1.6
ENG-Premier League,2425,Manchester City,Rico Lewis,DF,19,1893,21.0,1,2,0.05,0.1,10,2,20.0,0.48,0.1,0.1,14,17,12,34,0.6666666666666666,0.8095238095238095,60.6,60.6,68.4,84.8,70.3,81.9,58.7,46.5,33.8,52.6,39.7,73.8,45.5,49.4,47.4,93.2,22.6,32.9
ENG-Premier League,2425,Manchester City,Rúben Dias,DF,27,2271,25.2,0,0,0.0,0.0,21,7,33.3,0.83,0.28,0.0,19,11,12,8,0.753968253968254,0.4365079365079365,69.7,69.7,28.7,26.8,28.7,26.8,88.4,90.6,65.6,84.2,83.5,28.1,56.8,35.8,47.4,44.8,32.9,5.2
ENG-Premier League,2425,Manchester City,Stefan Ortega,GK,31,1100,12.2,0,0,0.0,0.0,0,0,,0.0,0.0,,0,0,1,2,0.0,0.0,35.3,35.3,51.5,44.1,51.5,44.1,48.5,51.5,,48.5,51.5,,41.2,33.8,73.5,48.5,41.2,33.8
ENG-Premier League,2425,Manchester City,Sávio,MF,20,1766,19.6,1,8,0.05,0.41,55,21,38.2,2.8,1.07,0.02,4,17,17,28,0.2040816326530612,0.8673469387755102,52.6,52.3,36.2,96.1,31.2,97.9,87.8,89.6,69.8,90.1,87.5,26.6,16.4,46.6,42.2,67.2,7.3,36.5
ENG-Premier League,2425,Manchester City,İlkay Gündoğan,MF,33,2223,24.7,1,6,0.04,0.24,27,7,25.9,1.09,0.28,0.04,14,13,15,27,0.5668016194331984,0.5263157894736842,69.5,69.8,36.2,86.7,28.6,85.4,58.3,49.2,30.2,36.7,32.3,29.4,64.8,35.7,34.1,64.3,42.7,12.8
ENG-Premier League,2425,Manchester Utd,Alejandro Garnacho,MF,20,2199,24.4,6,2,0.25,0.08,84,30,35.7,3.44,1.23,0.07,13,16,12,44,0.5327868852459017,0.6557377049180328,68.8,68.2,84.6,54.2,76.3,39.3,95.8,96.4,60.9,94.8,93.8,47.1,60.9,44.5,25.8,83.6,40.4,21.1
ENG-Premier League,2425,Manchester Utd,Altay Bayındır,GK,26,360,4.0,0,0,0.0,0.0,0,0,,0.0,0.0,,0,0,0,1,0.0,0.0,2.9,2.9,51.5,44.1,51.5,44.1,48.5,51.5,,48.5,51.5,,41.2,33.8,32.4,29.4,41.2,33.8
ENG-Premier League,2425,Manchester Utd,Amad Diallo,MF,22,1901,21.1,8,6,0.38,0.28,47,17,36.2,2.23,0.8,0.17,10,31,20,28,0.4739336492890995,1.4691943127962084,57.3,57.3,91.7,86.7,91.4,88.3,83.1,82.8,63.5,80.2,76.0,87.5,47.9,76.0,50.8,67.2,33.3,72.4
ENG-Premier League,2425,Manchester Utd,André Onana,GK,28,3060,34.0,0,0,0.0,0.0,0,0,,0.0,0.0,,0,2,0,2,0.0,0.058823529411764705,76.5,76.5,51.5,44.1,51.5,44.1,48.5,51.5,,48.5,51.5,,41.2,89.7,32.4,48.5,41.2,82.4
ENG-Premier League,2425,Manchester Utd,Bruno Fernandes,MF,29,3018,33.5,8,10,0.24,0.3,96,29,30.2,2.86,0.86,0.05,26,52,32,40,0.7761194029850746,1.5522388059701493,93.2,93.2,91.7,98.4,74.5,89.8,97.4,94.8,41.7,90.6,79.9,34.1,84.9,93.5,72.4,82.3,60.9,77.6
ENG-Premier League,2425,Manchester Utd,Casemiro,MF,32,1494,16.6,1,0,0.06,0.0,32,10,31.3,1.93,0.6,0.03,15,52,20,19,0.9036144578313252,3.1325301204819276,41.7,41.7,36.2,12.8,34.1,12.8,64.8,64.3,45.3,71.1,61.5,27.6,66.1,93.5,50.8,46.6,67.7,99.5
ENG-Premier League,2425,Manchester Utd,Christian Eriksen,MF,32,1061,11.8,1,2,0.08,0.17,15,2,13.3,1.27,0.17,0.0,7,8,8,3,0.5932203389830508,0.6779661016949152,30.7,30.7,36.2,54.2,38.5,68.2,33.6,16.4,9.6,44.3,20.8,13.3,32.0,19.5,14.8,4.2,46.9,22.9
ENG-Premier League,2425,Manchester Utd,Diogo Dalot,MF,25,2814,31.3,0,3,0.0,0.1,24,5,20.8,0.77,0.16,0.0,35,38,40,9,1.1182108626198082,1.2140575079872205,87.0,87.2,13.0,67.4,13.0,45.6,52.9,36.5,19.3,20.8,19.8,13.3,94.5,86.5,81.0,20.1,80.2,57.8
ENG-Premier League,2425,Manchester Utd,Harry Amass,MF,17,346,3.8,0,0,0.0,0.0,3,0,0.0,0.78,0.0,0.0,2,2,2,4,0.5263157894736842,0.5263157894736842,2.6,2.6,13.0,12.8,13.0,12.8,4.7,2.9,2.9,21.9,2.9,13.3,7.8,2.3,2.1,6.8,39.6,12.8
ENG-Premier League,2425,Manchester Utd,Harry Maguire,DF,31,1758,19.5,1,0,0.05,0.0,15,7,46.7,0.77,0.36,0.07,37,16,18,11,1.8974358974358974,0.8205128205128205,56.8,56.1,68.4,26.8,70.3,26.8,74.8,90.6,82.5,80.3,94.8,65.9,90.3,47.7,63.5,56.8,98.1,34.2
ENG-Premier League,2425,Manchester Utd,Jonny Evans,DF,36,315,3.5,0,0,0.0,0.0,2,1,50.0,0.57,0.29,0.0,5,6,5,6,1.4285714285714286,1.7142857142857142,1.3,1.6,28.7,26.8,28.7,26.8,15.5,30.3,88.1,65.5,85.2,28.1,17.4,16.5,13.5,36.1,87.7,90.3
ENG-Premier League,2425,Manchester Utd,Joshua Zirkzee,FW,23,1402,15.6,3,1,0.19,0.06,28,11,39.3,1.8,0.71,0.11,6,8,9,13,0.38461538461538464,0.5128205128205129,47.3,47.3,34.8,32.1,23.2,25.0,35.7,38.4,46.4,12.5,26.8,38.4,81.2,56.2,23.2,36.6,87.5,51.8
ENG-Premier League,2425,Manchester Utd,Kobbie Mainoo,MF,19,1651,18.3,0,0,0.0,0.0,15,2,13.3,0.82,0.11,0.0,19,28,27,21,1.0382513661202186,1.530054644808743,48.4,48.2,13.0,12.8,13.0,12.8,33.6,16.4,9.6,24.5,13.3,13.3,72.1,71.9,63.5,50.8,77.1,75.0
ENG-Premier League,2425,Manchester Utd,Leny Yoro,DF,18,1165,12.9,0,0,0.0,0.0,5,1,20.0,0.39,0.08,0.0,17,11,9,2,1.317829457364341,0.8527131782945736,39.4,39.4,28.7,26.8,28.7,26.8,35.2,30.3,33.8,36.8,34.2,28.1,52.9,35.8,34.5,11.0,81.3,36.8
ENG-Premier League,2425,Manchester Utd,Lisandro Martínez,DF,26,1751,19.5,2,1,0.1,0.05,17,6,35.3,0.87,0.31,0.12,31,24,22,7,1.5897435897435896,1.2307692307692308,55.8,56.1,86.5,66.1,89.7,68.7,81.0,85.5,68.5,86.8,87.7,79.1,82.9,66.5,72.6,41.0,91.6,66.1
ENG-Premier League,2425,Manchester Utd,Luke Shaw,DF,29,349,3.9,0,0,0.0,0.0,1,0,0.0,0.26,0.0,0.0,2,3,3,1,0.5128205128205129,0.7692307692307693,5.8,5.8,28.7,26.8,28.7,26.8,7.1,11.3,10.3,20.0,11.3,28.1,3.2,4.5,7.4,4.8,11.0,29.7
ENG-Premier League,2425,Manchester Utd,Manuel Ugarte,MF,23,1785,19.8,1,2,0.05,0.1,19,4,21.1,0.96,0.2,0.05,26,50,41,33,1.3131313131313131,2.525252525252525,54.7,54.7,36.2,54.2,31.2,45.6,43.2,29.7,20.3,30.5,22.4,34.1,84.9,92.4,82.3,74.2,89.1,98.4
ENG-Premier League,2425,Manchester Utd,Marcus Rashford,MF,26,978,10.9,4,1,0.37,0.09,16,9,56.3,1.47,0.83,0.25,5,4,8,7,0.4587155963302752,0.36697247706422015,28.6,28.6,74.0,35.4,90.6,42.7,36.2,60.2,95.3,51.0,77.6,97.1,21.9,7.6,14.8,13.5,31.2,6.8
ENG-Premier League,2425,Manchester Utd,Mason Mount,MF,25,622,6.9,1,0,0.14,0.0,20,9,45.0,2.89,1.3,0.05,4,5,16,9,0.5797101449275363,0.7246376811594203,12.5,12.5,36.2,12.8,57.3,12.8,45.6,60.2,83.3,91.1,95.3,34.1,16.4,12.5,38.5,20.1,44.8,24.0
ENG-Premier League,2425,Manchester Utd,Matthijs de Ligt,DF,24,2123,23.6,2,0,0.08,0.0,18,10,55.6,0.76,0.42,0.11,32,22,16,12,1.3559322033898304,0.9322033898305084,67.7,67.7,86.5,26.8,84.2,26.8,83.2,97.4,93.4,79.4,97.4,76.5,84.8,63.5,56.1,61.3,84.5,45.2
ENG-Premier League,2425,Manchester Utd,Noussair Mazraoui,DF,26,2838,31.5,0,1,0.0,0.03,13,3,23.1,0.41,0.1,0.0,35,71,38,25,1.1111111111111112,2.253968253968254,82.6,82.6,28.7,66.1,28.7,57.4,69.7,61.9,41.7,40.0,39.7,28.1,87.7,100.0,99.4,84.8,68.1,99.4
ENG-Premier League,2425,Manchester Utd,Patrick Dorgu,MF,19,842,9.4,0,0,0.0,0.0,10,2,20.0,1.07,0.21,0.0,3,23,17,28,0.3191489361702127,2.4468085106382977,22.9,22.9,13.0,12.8,13.0,12.8,18.2,16.4,17.7,34.6,23.7,13.3,12.0,63.3,42.2,67.2,18.2,97.9
ENG-Premier League,2425,Manchester Utd,Rasmus Højlund,FW,21,2004,22.3,4,0,0.18,0.0,32,13,40.6,1.44,0.58,0.13,2,1,18,28,0.08968609865470852,0.04484304932735426,62.5,62.5,43.8,10.7,21.4,10.7,42.9,42.9,57.1,7.1,19.6,50.0,34.8,4.5,51.8,72.3,25.0,3.6
ENG-Premier League,2425,Manchester Utd,Victor Lindelöf,DF,30,704,7.8,0,0,0.0,0.0,0,0,,0.0,0.0,,7,2,8,1,0.8974358974358975,0.25641025641025644,20.0,20.0,28.7,26.8,28.7,26.8,1.6,11.3,,1.6,11.3,,25.2,2.6,28.1,4.8,49.7,1.9
ENG-Premier League,2425,Newcastle United,Alexander Isak,FW,24,2756,30.6,23,6,0.75,0.2,99,46,46.5,3.23,1.5,0.19,3,5,28,14,0.09803921568627451,0.16339869281045752,94.6,94.6,100.0,90.2,97.3,74.1,98.2,98.2,78.6,83.0,92.9,83.9,46.4,30.4,77.7,43.8,26.8,7.1
ENG-Premier League,2425,Newcastle United,Anthony Gordon,FW,23,2434,27.0,6,5,0.22,0.18,59,19,32.2,2.18,0.7,0.08,6,17,20,71,0.2222222222222222,0.6296296296296297,80.4,80.4,51.8,85.7,27.7,67.0,71.4,54.5,19.6,37.5,25.0,26.8,81.2,89.3,53.6,100.0,55.4,66.1
ENG-Premier League,2425,Newcastle United,Bruno Guimarães,MF,26,3271,36.3,5,6,0.14,0.17,45,15,33.3,1.24,0.41,0.11,28,47,65,107,0.7713498622589532,1.2947658402203859,98.4,98.4,80.2,86.7,57.3,68.2,81.5,78.1,53.6,41.9,46.4,68.8,89.6,90.4,97.7,100.0,59.9,62.5
ENG-Premier League,2425,Newcastle United,Callum Wilson,FW,32,370,4.1,0,0,0.0,0.0,6,1,16.7,1.46,0.24,0.0,1,2,4,1,0.24390243902439027,0.48780487804878053,5.4,5.4,5.4,10.7,5.4,10.7,3.6,6.2,7.1,8.9,7.1,5.4,20.5,10.7,8.0,1.8,62.5,48.2
ENG-Premier League,2425,Newcastle United,Dan Burn,DF,32,3330,37.0,1,1,0.03,0.03,22,6,27.3,0.59,0.16,0.05,27,25,34,12,0.7297297297297297,0.6756756756756757,97.4,97.4,68.4,66.1,60.6,57.4,90.0,85.5,50.0,68.1,61.3,60.3,78.7,68.1,94.5,61.3,29.7,18.7
ENG-Premier League,2425,Newcastle United,Emil Krafth,DF,29,342,3.8,0,0,0.0,0.0,1,0,0.0,0.26,0.0,0.0,3,1,5,2,0.7894736842105263,0.2631578947368421,4.5,4.5,28.7,26.8,28.7,26.8,7.1,11.3,10.3,20.0,11.3,28.1,7.1,1.3,13.5,11.0,38.1,2.6
ENG-Premier League,2425,Newcastle United,Fabian Schär,DF,32,2934,32.6,4,0,0.12,0.0,40,11,27.5,1.23,0.34,0.1,43,20,35,16,1.3190184049079754,0.6134969325153374,85.2,85.5,98.1,26.8,92.9,26.8,99.0,98.1,51.0,96.1,91.3,73.8,95.5,58.1,96.5,70.6,81.9,13.9
ENG-Premier League,2425,Newcastle United,Harvey Barnes,FW,26,1755,19.5,9,4,0.46,0.21,63,21,33.3,3.23,1.08,0.14,6,9,15,23,0.3076923076923077,0.46153846153846156,57.1,57.1,70.5,77.7,75.9,78.6,76.8,63.4,21.4,83.0,57.1,56.2,81.2,65.2,44.6,61.6,75.0,46.4
ENG-Premier League,2425,Newcastle United,Jacob Murphy,FW,29,2360,26.2,8,12,0.31,0.46,43,15,34.9,1.64,0.57,0.19,11,18,11,14,0.41984732824427484,0.6870229007633588,76.8,76.8,62.5,100.0,41.1,96.4,50.9,48.2,28.6,10.7,17.9,83.9,99.1,92.9,28.6,43.8,92.9,73.2
ENG-Premier League,2425,Newcastle United,Joe Willock,MF,24,1086,12.1,0,2,0.0,0.17,18,3,16.7,1.49,0.25,0.0,7,18,22,13,0.578512396694215,1.4876033057851241,31.8,31.8,13.0,54.2,13.0,68.2,41.1,22.7,13.5,51.8,29.9,13.3,32.0,48.7,56.0,31.8,44.3,73.4
ENG-Premier League,2425,Newcastle United,Joelinton,MF,27,2393,26.6,4,3,0.15,0.11,45,14,31.1,1.69,0.53,0.09,20,35,58,34,0.7518796992481203,1.3157894736842104,76.0,76.0,74.0,67.4,59.4,49.2,81.5,76.6,44.3,62.5,57.0,59.1,74.5,82.0,96.4,75.8,57.3,64.6
ENG-Premier League,2425,Newcastle United,Kieran Trippier,DF,33,1309,14.5,0,3,0.0,0.21,4,0,0.0,0.28,0.0,0.0,11,22,16,11,0.7586206896551724,1.5172413793103448,42.6,42.6,28.7,92.9,28.7,94.2,28.1,11.3,10.3,23.2,11.3,28.1,37.7,63.5,56.1,56.8,33.5,80.6
ENG-Premier League,2425,Newcastle United,Lewis Hall,DF,19,2189,24.3,0,4,0.0,0.16,11,1,9.1,0.45,0.04,0.0,17,40,9,21,0.6995884773662551,1.646090534979424,68.4,68.4,28.7,95.8,28.7,89.7,63.9,30.3,23.5,46.8,24.5,28.1,52.9,91.3,34.5,81.3,27.1,86.5
ENG-Premier League,2425,Newcastle United,Lewis Miley,MF,18,313,3.5,1,0,0.29,0.0,3,2,66.7,0.86,0.58,0.33,2,11,3,1,0.5714285714285714,3.142857142857143,1.6,1.6,36.2,12.8,83.1,12.8,4.7,16.4,99.0,26.6,60.4,99.5,7.8,29.4,2.9,1.3,43.5,100.0
ENG-Premier League,2425,Newcastle United,Lloyd Kelly,DF,25,303,3.4,0,1,0.0,0.3,3,0,0.0,0.89,0.0,0.0,1,4,5,5,0.29411764705882354,1.1764705882352942,0.6,0.6,28.7,66.1,28.7,99.4,22.6,11.3,10.3,87.7,11.3,28.1,1.0,7.4,13.5,31.0,2.6,61.9
ENG-Premier League,2425,Newcastle United,Martin Dúbravka,GK,35,900,10.0,0,0,0.0,0.0,0,0,,0.0,0.0,,0,0,0,1,0.0,0.0,29.4,29.4,51.5,44.1,51.5,44.1,48.5,51.5,,48.5,51.5,,41.2,33.8,32.4,29.4,41.2,33.8
ENG-Premier League,2425,Newcastle United,Nick Pope,GK,32,2520,28.0,0,0,0.0,0.0,0,0,,0.0,0.0,,1,0,2,5,0.03571428571428571,0.0,61.8,61.8,51.5,44.1,51.5,44.1,48.5,51.5,,48.5,51.5,,89.7,33.8,91.2,83.8,91.2,33.8
ENG-Premier League,2425,Newcastle United,Sandro Tonali,MF,24,2630,29.2,4,2,0.14,0.07,35,12,34.3,1.2,0.41,0.11,32,32,37,49,1.095890410958904,1.095890410958904,82.8,82.8,74.0,54.2,57.3,35.9,69.8,71.1,57.0,39.8,46.4,68.8,93.8,77.9,78.1,89.1,79.7,50.8
ENG-Premier League,2425,Newcastle United,Sean Longstaff,MF,26,798,8.9,0,0,0.0,0.0,6,1,16.7,0.68,0.11,0.0,7,15,9,6,0.7865168539325842,1.6853932584269662,21.4,21.1,13.0,12.8,13.0,12.8,8.6,9.4,13.5,16.9,13.3,13.3,32.0,41.4,18.8,11.5,61.5,83.3
ENG-Premier League,2425,Newcastle United,Sven Botman,DF,24,412,4.6,0,0,0.0,0.0,5,2,40.0,1.09,0.44,0.0,5,8,5,4,1.0869565217391306,1.7391304347826089,10.3,10.3,28.7,26.8,28.7,26.8,35.2,46.5,74.2,92.9,98.1,28.1,17.4,25.8,13.5,23.9,66.5,92.3
ENG-Premier League,2425,Newcastle United,Valentino Livramento,DF,21,2840,31.6,0,1,0.0,0.03,6,2,33.3,0.19,0.06,0.0,26,34,6,35,0.8227848101265822,1.0759493670886076,83.2,83.2,28.7,66.1,28.7,57.4,42.9,46.5,65.6,11.0,28.4,28.1,77.1,83.2,19.0,94.5,40.6,54.2
ENG-Premier League,2425,Nottingham Forest,Anthony Elanga,MF,22,2501,27.8,6,11,0.22,0.4,44,24,54.5,1.58,0.86,0.14,6,15,9,47,0.2158273381294964,0.539568345323741,78.1,78.1,84.6,99.5,71.4,97.4,79.9,92.2,94.3,56.2,79.9,79.7,26.8,41.4,18.8,87.8,8.9,14.6
ENG-Premier League,2425,Nottingham Forest,Callum Hudson-Odoi,MF,23,2194,24.4,5,2,0.21,0.08,37,17,45.9,1.52,0.7,0.14,13,16,12,25,0.5327868852459017,0.6557377049180328,67.7,68.2,80.2,54.2,69.3,39.3,72.7,82.8,85.2,52.6,70.3,79.7,60.9,44.5,25.8,59.9,40.4,21.1
ENG-Premier League,2425,Nottingham Forest,Chris Wood,FW,32,2959,32.9,20,3,0.61,0.09,68,35,51.5,2.07,1.06,0.25,6,5,25,24,0.182370820668693,0.1519756838905775,100.0,100.0,96.4,65.2,91.1,34.8,81.2,92.0,96.4,30.4,54.5,98.2,81.2,30.4,62.5,67.9,48.2,5.4
ENG-Premier League,2425,Nottingham Forest,Elliot Anderson,MF,21,2728,30.3,2,6,0.07,0.2,40,7,17.5,1.32,0.23,0.05,29,55,47,57,0.957095709570957,1.8151815181518152,84.9,84.9,53.1,86.7,36.7,76.6,77.1,49.2,15.1,46.6,27.3,34.1,91.1,95.8,89.1,95.3,73.4,87.5
ENG-Premier League,2425,Nottingham Forest,Ibrahim Sangaré,MF,26,590,6.6,0,1,0.0,0.15,1,1,100.0,0.15,0.15,0.0,7,13,16,8,1.0606060606060606,1.9696969696969697,12.0,12.0,13.0,35.4,13.0,62.8,0.8,9.4,99.7,1.0,17.7,13.3,32.0,35.7,38.5,16.7,78.1,91.7
ENG-Premier League,2425,Nottingham Forest,James Ward-Prowse,MF,29,400,4.4,0,1,0.0,0.23,2,1,50.0,0.45,0.23,0.0,5,1,7,2,1.1363636363636362,0.22727272727272727,5.7,5.7,13.0,35.4,13.0,83.1,2.1,9.4,92.7,7.8,27.3,13.3,21.9,1.3,11.7,2.3,82.3,1.0
ENG-Premier League,2425,Nottingham Forest,Jota Silva,MF,24,854,9.5,3,1,0.32,0.11,23,7,30.4,2.42,0.74,0.13,11,16,24,23,1.1578947368421053,1.6842105263157894,24.0,24.0,64.8,35.4,86.7,49.2,51.6,49.2,42.2,83.3,73.2,74.2,52.9,44.5,59.1,54.9,82.8,82.8
ENG-Premier League,2425,Nottingham Forest,Matz Sels,GK,32,3420,38.0,0,0,0.0,0.0,0,0,,0.0,0.0,,0,1,1,8,0.0,0.02631578947368421,94.1,94.1,51.5,44.1,51.5,44.1,48.5,51.5,,48.5,51.5,,41.2,75.0,73.5,94.1,41.2,70.6
ENG-Premier League,2425,Nottingham Forest,Morato,DF,23,907,10.1,0,0,0.0,0.0,2,1,50.0,0.2,0.1,0.0,9,14,11,2,0.8910891089108911,1.3861386138613863,25.8,26.1,28.7,26.8,28.7,26.8,15.5,30.3,88.1,12.6,39.7,28.1,31.9,42.6,43.2,11.0,46.8,74.2
ENG-Premier League,2425,Nottingham Forest,Morgan Gibbs-White,MF,24,2803,31.1,7,8,0.22,0.26,61,22,36.1,1.96,0.71,0.11,22,21,38,40,0.7073954983922829,0.67524115755627,86.5,86.2,88.5,96.1,71.4,87.5,92.2,90.4,62.8,72.7,71.1,68.8,79.9,55.5,78.6,82.3,54.7,22.4
ENG-Premier League,2425,Nottingham Forest,Murillo,DF,22,3188,35.4,2,0,0.06,0.0,25,6,24.0,0.71,0.17,0.08,36,39,27,7,1.0169491525423728,1.1016949152542372,95.5,95.5,86.5,26.8,76.8,26.8,93.2,85.5,43.7,76.8,65.2,69.9,88.7,90.3,85.2,41.0,61.3,55.5
ENG-Premier League,2425,Nottingham Forest,Neco Williams,DF,23,2594,28.8,1,3,0.03,0.1,37,7,18.9,1.28,0.24,0.03,30,57,24,43,1.0416666666666667,1.9791666666666665,78.7,78.7,68.4,92.9,60.6,81.9,97.4,90.6,30.5,96.8,78.7,56.6,81.0,99.0,78.7,96.8,61.9,96.8
ENG-Premier League,2425,Nottingham Forest,Nicolás Domínguez,MF,26,1963,21.8,0,1,0.0,0.05,21,9,42.9,0.96,0.41,0.0,28,48,33,18,1.2844036697247705,2.2018348623853212,60.4,60.7,13.0,35.4,13.0,29.7,47.7,60.2,81.2,30.5,46.4,13.3,89.6,91.4,73.7,42.4,87.5,95.3
ENG-Premier League,2425,Nottingham Forest,Nikola Milenković,DF,26,3330,37.0,5,2,0.14,0.05,29,8,27.6,0.78,0.22,0.17,25,28,20,5,0.6756756756756757,0.7567567567567568,97.4,97.4,99.4,84.8,93.9,68.7,96.1,94.5,51.7,81.3,74.5,84.8,74.5,73.2,68.4,31.0,24.5,27.1
ENG-Premier League,2425,Nottingham Forest,Ola Aina,DF,27,2995,33.3,2,1,0.06,0.03,11,2,18.2,0.33,0.06,0.18,31,41,23,35,0.930930930930931,1.2312312312312312,87.7,87.7,86.5,66.1,76.8,57.4,63.9,46.5,29.8,27.1,28.4,86.4,82.9,92.3,75.8,94.5,54.8,67.1
ENG-Premier League,2425,Nottingham Forest,Ryan Yates,MF,26,1915,21.3,2,1,0.09,0.05,33,9,27.3,1.55,0.42,0.06,25,21,54,48,1.1737089201877935,0.9859154929577465,58.3,58.1,53.1,35.4,41.1,29.7,66.7,60.2,32.6,53.9,48.4,40.1,82.8,55.5,94.8,88.5,83.3,43.2
ENG-Premier League,2425,Nottingham Forest,Taiwo Awoniyi,FW,26,416,4.6,1,0,0.22,0.0,10,4,40.0,2.16,0.87,0.1,0,4,8,10,0.0,0.8695652173913044,8.9,8.9,14.3,10.7,27.7,10.7,8.9,14.3,52.7,33.9,35.7,32.1,7.1,23.2,21.4,26.8,7.1,83.9
ENG-Premier League,2425,Nottingham Forest,Álex Moreno,DF,31,955,10.6,0,1,0.0,0.09,6,0,0.0,0.57,0.0,0.0,16,18,12,6,1.509433962264151,1.6981132075471699,27.1,27.1,28.7,66.1,28.7,79.4,42.9,11.3,10.3,65.5,11.3,28.1,50.6,51.3,47.4,36.1,89.7,89.7
ENG-Premier League,2425,Southampton,Aaron Ramsdale,GK,26,2700,30.0,0,0,0.0,0.0,0,0,,0.0,0.0,,1,0,1,4,0.03333333333333333,0.0,67.6,67.6,51.5,44.1,51.5,44.1,48.5,51.5,,48.5,51.5,,89.7,33.8,73.5,73.5,88.2,33.8
ENG-Premier League,2425,Southampton,Adam Armstrong,FW,27,1248,13.9,2,2,0.14,0.14,26,9,34.6,1.87,0.65,0.08,4,3,12,5,0.28776978417266186,0.2158273381294964,44.6,44.6,24.1,50.9,17.9,56.2,33.9,33.9,26.8,21.4,21.4,26.8,58.0,17.9,33.9,10.7,71.4,14.3
ENG-Premier League,2425,Southampton,Adam Lallana,MF,36,361,4.0,0,2,0.0,0.5,3,0,0.0,0.75,0.0,0.0,5,5,8,8,1.25,1.25,3.6,3.6,13.0,54.2,13.0,99.5,4.7,2.9,2.9,19.8,2.9,13.3,21.9,12.5,14.8,16.7,85.2,60.9
ENG-Premier League,2425,Southampton,Alex McCarthy,GK,34,450,5.0,0,0,0.0,0.0,0,0,,0.0,0.0,,0,0,0,1,0.0,0.0,7.4,7.4,51.5,44.1,51.5,44.1,48.5,51.5,,48.5,51.5,,41.2,33.8,32.4,29.4,41.2,33.8
ENG-Premier League,2425,Southampton,Armel Bella Kotchap,DF,22,331,3.7,0,0,0.0,0.0,1,0,0.0,0.27,0.0,0.0,5,5,3,2,1.3513513513513513,1.3513513513513513,2.6,3.2,28.7,26.8,28.7,26.8,7.1,11.3,10.3,22.3,11.3,28.1,17.4,11.3,7.4,11.0,83.5,72.3
ENG-Premier League,2425,Southampton,Ben Brereton,FW,25,449,5.0,0,0,0.0,0.0,11,1,9.1,2.2,0.2,0.0,0,2,4,8,0.0,0.4,12.5,12.5,5.4,10.7,5.4,10.7,11.6,6.2,5.4,40.2,5.4,5.4,7.1,10.7,8.0,20.5,7.1,33.9
ENG-Premier League,2425,Southampton,Cameron Archer,FW,23,1441,16.0,2,0,0.12,0.0,29,11,37.9,1.81,0.69,0.07,1,9,16,13,0.0625,0.5625,50.0,50.0,24.1,10.7,16.1,10.7,38.4,38.4,41.1,14.3,23.2,21.4,20.5,65.2,49.1,36.6,16.1,60.7
ENG-Premier League,2425,Southampton,Charlie Taylor,DF,30,356,4.0,0,0,0.0,0.0,0,0,,0.0,0.0,,5,6,2,3,1.25,1.5,7.1,7.4,28.7,26.8,28.7,26.8,1.6,11.3,,1.6,11.3,,17.4,16.5,3.5,17.4,79.0,80.0
ENG-Premier League,2425,Southampton,Flynn Downes,MF,25,2151,23.9,1,0,0.04,0.0,10,3,30.0,0.42,0.13,0.1,31,27,50,39,1.2970711297071131,1.1297071129707115,66.1,66.1,36.2,12.8,28.6,12.8,18.2,22.7,40.4,6.5,15.6,64.3,93.2,70.3,93.2,80.7,88.0,52.1
ENG-Premier League,2425,Southampton,Jack Stephens,DF,30,1389,15.4,1,0,0.06,0.0,4,2,50.0,0.26,0.13,0.25,12,20,13,4,0.7792207792207793,1.2987012987012987,45.2,45.2,68.4,26.8,76.8,26.8,28.1,46.5,88.1,20.0,50.3,91.7,40.3,58.1,50.3,23.9,36.8,69.0
ENG-Premier League,2425,Southampton,James Bree,DF,26,1075,11.9,0,1,0.0,0.08,4,1,25.0,0.33,0.08,0.0,5,13,4,5,0.42016806722689076,1.0924369747899159,34.2,33.9,28.7,66.1,28.7,77.4,28.1,30.3,45.4,27.1,34.2,28.1,17.4,40.3,10.0,31.0,7.1,54.8
ENG-Premier League,2425,Southampton,Jan Bednarek,DF,28,2531,28.1,2,0,0.07,0.0,5,3,60.0,0.18,0.11,0.4,55,19,31,13,1.9572953736654803,0.6761565836298932,76.1,76.1,86.5,26.8,81.3,26.8,35.2,61.9,94.7,8.7,43.9,98.0,98.7,54.5,92.9,64.5,98.7,19.4
ENG-Premier League,2425,Southampton,Joe Aribo,MF,28,2013,22.4,3,0,0.13,0.0,17,7,41.2,0.76,0.31,0.18,20,34,20,27,0.8928571428571429,1.517857142857143,62.8,62.8,64.8,12.8,54.2,12.8,38.5,49.2,77.1,20.3,35.2,90.9,74.5,81.2,50.8,64.3,65.1,74.5
ENG-Premier League,2425,Southampton,Kamaldeen Sulemana,FW,22,1402,15.6,1,1,0.06,0.06,29,8,27.6,1.86,0.51,0.03,5,16,22,11,0.32051282051282054,1.0256410256410258,47.3,47.3,14.3,32.1,10.7,25.0,38.4,29.5,14.3,19.6,14.3,10.7,71.4,86.6,57.1,30.4,78.6,92.9
ENG-Premier League,2425,Southampton,Kyle Walker-Peters,MF,27,2918,32.4,0,2,0.0,0.06,20,6,30.0,0.62,0.19,0.0,19,32,28,52,0.5864197530864198,0.9876543209876544,90.1,90.1,13.0,54.2,13.0,33.1,45.6,42.4,40.4,14.6,21.4,13.3,72.1,77.9,65.1,92.2,45.3,43.8
ENG-Premier League,2425,Southampton,Lesley Ugochukwu,MF,20,1655,18.4,1,1,0.05,0.05,10,1,10.0,0.54,0.05,0.1,14,22,31,16,0.7608695652173914,1.1956521739130437,49.0,49.2,36.2,35.4,31.2,29.7,18.2,9.4,7.6,9.6,7.8,64.3,64.8,58.9,70.8,36.7,58.3,56.2
ENG-Premier League,2425,Southampton,Mateus Fernandes,MF,20,2909,32.3,2,4,0.06,0.12,42,14,33.3,1.3,0.43,0.05,25,50,46,54,0.7739938080495357,1.5479876160990713,89.1,89.3,53.1,76.3,34.1,53.4,78.6,76.6,53.6,45.6,50.0,34.1,82.8,92.4,87.5,93.5,60.4,77.1
ENG-Premier League,2425,Southampton,Nathan Wood-Gordon,DF,22,773,8.6,0,0,0.0,0.0,2,0,0.0,0.23,0.0,0.0,4,7,9,4,0.46511627906976744,0.813953488372093,21.3,21.3,28.7,26.8,28.7,26.8,15.5,11.3,10.3,14.8,11.3,28.1,11.9,21.6,34.5,23.9,8.4,33.5
ENG-Premier League,2425,Southampton,Paul Onuachu,FW,30,1050,11.7,4,1,0.34,0.09,34,15,44.1,2.91,1.29,0.12,1,2,28,16,0.08547008547008547,0.17094017094017094,39.3,39.3,43.8,32.1,45.5,34.8,45.5,48.2,69.6,74.1,80.4,45.5,20.5,10.7,77.7,50.9,23.2,8.9
ENG-Premier League,2425,Southampton,Ross Stewart,FW,28,389,4.3,1,0,0.23,0.0,9,2,22.2,2.08,0.46,0.11,0,5,7,7,0.0,1.1627906976744187,7.1,7.1,14.3,10.7,30.4,10.7,7.1,8.9,10.7,32.1,12.5,38.4,7.1,30.4,18.8,17.0,7.1,94.6
ENG-Premier League,2425,Southampton,Ryan Fraser,MF,30,306,3.4,0,0,0.0,0.0,1,1,100.0,0.29,0.29,0.0,1,2,1,4,0.29411764705882354,0.5882352941176471,1.0,0.8,13.0,12.8,13.0,12.8,0.8,9.4,99.7,2.9,33.3,13.3,3.6,2.3,1.3,6.8,16.1,18.2
ENG-Premier League,2425,Southampton,Ryan Manning,DF,28,1462,16.2,0,1,0.0,0.06,8,1,12.5,0.49,0.06,0.0,17,18,19,33,1.0493827160493827,1.1111111111111112,49.0,49.0,28.7,66.1,28.7,72.6,50.6,30.3,25.8,54.2,28.4,28.1,52.9,51.3,66.1,91.9,62.6,56.8
ENG-Premier League,2425,Southampton,Taylor Harwood-Bellis,DF,22,2825,31.4,1,0,0.03,0.0,20,8,40.0,0.64,0.25,0.05,29,22,35,14,0.9235668789808917,0.7006369426751593,81.9,81.9,68.4,26.8,60.6,26.8,87.4,94.5,74.2,70.3,80.6,60.3,79.7,63.5,96.5,66.8,52.9,21.9
ENG-Premier League,2425,Southampton,Tyler Dibling,MF,18,1874,20.8,2,0,0.1,0.0,28,9,32.1,1.34,0.43,0.07,7,21,30,51,0.3365384615384615,1.0096153846153846,56.8,56.8,53.1,12.8,44.3,12.8,60.2,60.2,48.4,47.4,50.0,47.1,32.0,55.5,68.8,90.4,19.3,46.4
ENG-Premier League,2425,Southampton,Welington,MF,23,482,5.4,0,0,0.0,0.0,3,0,0.0,0.56,0.0,0.0,5,10,6,8,0.9259259259259258,1.8518518518518516,7.3,7.8,13.0,12.8,13.0,12.8,4.7,2.9,2.9,11.7,2.9,13.3,21.9,26.3,8.9,16.7,70.8,88.0
ENG-Premier League,2425,Southampton,William Smallbone,MF,24,690,7.7,1,0,0.13,0.0,7,2,28.6,0.91,0.26,0.14,2,12,11,3,0.2597402597402597,1.5584415584415585,15.1,15.1,36.2,12.8,54.2,12.8,11.2,16.4,35.2,28.6,31.0,79.7,7.8,32.6,22.9,4.2,13.0,78.6
ENG-Premier League,2425,Southampton,Yukinari Sugawara,MF,24,1557,17.3,1,1,0.06,0.06,14,6,42.9,0.81,0.35,0.07,9,16,15,10,0.5202312138728323,0.9248554913294798,43.8,43.8,36.2,35.4,34.1,33.1,30.7,42.4,81.2,24.0,39.6,47.1,43.5,44.5,34.1,23.7,39.1,37.5
ENG-Premier League,2425,Tottenham Hotspur,Antonín Kinský,GK,21,540,6.0,0,0,0.0,0.0,0,0,,0.0,0.0,,0,1,0,0,0.0,0.16666666666666666,13.2,13.2,51.5,44.1,51.5,44.1,48.5,51.5,,48.5,51.5,,41.2,75.0,32.4,10.3,41.2,100.0
ENG-Premier League,2425,Tottenham Hotspur,Archie Gray,DF,18,1751,19.5,0,0,0.0,0.0,1,1,100.0,0.05,0.05,0.0,18,9,17,11,0.9230769230769231,0.46153846153846156,55.8,56.1,28.7,26.8,28.7,26.8,7.1,30.3,98.7,3.2,25.8,28.1,54.8,29.0,60.3,56.8,51.9,6.5
ENG-Premier League,2425,Tottenham Hotspur,Ben Davies,DF,31,1331,14.8,0,0,0.0,0.0,5,1,20.0,0.34,0.07,0.0,12,11,17,7,0.8108108108108107,0.7432432432432432,43.2,43.2,28.7,26.8,28.7,26.8,35.2,30.3,33.8,29.7,31.3,28.1,40.3,35.8,60.3,41.0,39.4,25.8
ENG-Premier League,2425,Tottenham Hotspur,Brennan Johnson,FW,23,2177,24.2,11,3,0.45,0.12,54,20,37.0,2.23,0.83,0.2,4,23,27,26,0.1652892561983471,0.9504132231404959,67.9,67.9,82.1,65.2,72.3,48.2,63.4,58.9,33.9,42.9,33.0,88.4,58.0,96.4,69.6,69.6,39.3,87.5
ENG-Premier League,2425,Tottenham Hotspur,Cristian Romero,DF,26,1416,15.7,1,0,0.06,0.0,16,8,50.0,1.02,0.51,0.06,15,29,14,12,0.9554140127388535,1.8471337579617835,47.7,47.1,68.4,26.8,76.8,26.8,78.1,94.5,88.1,91.0,99.0,62.9,48.1,75.5,51.6,61.3,58.1,92.9
ENG-Premier League,2425,Tottenham Hotspur,Dejan Kulusevski,MF,24,2389,26.5,7,4,0.26,0.15,47,18,38.3,1.77,0.68,0.15,10,21,48,38,0.37735849056603776,0.7924528301886793,75.5,75.5,88.5,76.3,77.9,62.8,83.1,86.2,70.8,64.6,69.5,84.1,47.9,55.5,90.9,79.4,21.9,32.3
ENG-Premier League,2425,Tottenham Hotspur,Destiny Udogie,DF,21,1924,21.4,0,1,0.0,0.05,5,1,20.0,0.23,0.05,0.0,21,45,28,38,0.9813084112149534,2.1028037383177574,62.6,62.3,28.7,66.1,28.7,68.7,35.2,30.3,33.8,14.8,25.8,28.1,62.6,95.2,88.1,95.8,60.6,98.7
ENG-Premier League,2425,Tottenham Hotspur,Djed Spence,DF,23,1792,19.9,1,2,0.05,0.1,10,3,30.0,0.5,0.15,0.1,21,33,21,23,1.0552763819095479,1.6582914572864322,58.1,58.1,68.4,84.8,70.3,81.9,58.7,61.9,58.9,55.8,57.1,73.8,62.6,81.6,70.3,83.2,63.2,88.4
ENG-Premier League,2425,Tottenham Hotspur,Dominic Solanke,FW,26,2201,24.5,9,3,0.37,0.12,60,26,43.3,2.45,1.06,0.13,1,10,36,36,0.04081632653061224,0.40816326530612246,69.6,69.6,70.5,65.2,48.2,48.2,74.1,76.8,64.3,55.4,54.5,50.0,20.5,71.4,89.3,85.7,14.3,38.4
ENG-Premier League,2425,Tottenham Hotspur,Fraser Forster,GK,36,630,7.0,0,0,0.0,0.0,0,0,,0.0,0.0,,0,0,0,0,0.0,0.0,20.6,20.6,51.5,44.1,51.5,44.1,48.5,51.5,,48.5,51.5,,41.2,33.8,32.4,10.3,41.2,33.8
ENG-Premier League,2425,Tottenham Hotspur,Guglielmo Vicario,GK,27,2160,24.0,0,0,0.0,0.0,0,0,,0.0,0.0,,1,0,0,2,0.041666666666666664,0.0,47.1,47.1,51.5,44.1,51.5,44.1,48.5,51.5,,48.5,51.5,,89.7,33.8,32.4,48.5,97.1,33.8
ENG-Premier League,2425,Tottenham Hotspur,James Maddison,MF,27,1809,20.1,9,7,0.45,0.35,39,17,43.6,1.94,0.85,0.23,10,19,32,64,0.49751243781094523,0.9452736318407959,55.2,55.2,94.0,92.2,94.3,93.5,75.8,82.8,82.8,71.9,78.9,96.4,47.9,51.3,72.4,98.2,35.9,41.1
ENG-Premier League,2425,Tottenham Hotspur,Kevin Danso,DF,25,842,9.4,0,0,0.0,0.0,7,3,42.9,0.75,0.32,0.0,6,4,9,13,0.6382978723404255,0.425531914893617,23.9,23.9,28.7,26.8,28.7,26.8,47.7,61.9,77.5,78.7,88.4,28.1,21.3,7.4,34.5,64.5,20.6,3.9
ENG-Premier League,2425,Tottenham Hotspur,Lucas Bergvall,MF,18,1212,13.5,0,1,0.0,0.07,12,2,16.7,0.89,0.15,0.0,21,18,20,17,1.5555555555555556,1.3333333333333333,35.9,35.9,13.0,35.4,13.0,35.9,24.5,16.4,13.5,27.9,17.7,13.3,77.3,48.7,50.8,38.5,95.8,66.4
ENG-Premier League,2425,Tottenham Hotspur,Mathys Tel,FW,19,911,10.1,2,1,0.2,0.1,23,9,39.1,2.27,0.89,0.04,2,5,15,16,0.19801980198019803,0.49504950495049505,33.9,33.9,24.1,32.1,25.0,40.2,30.4,33.9,44.6,44.6,37.5,12.5,34.8,30.4,44.6,50.9,50.0,50.0
ENG-Premier League,2425,Tottenham Hotspur,Micky van de Ven,DF,23,1015,11.3,0,2,0.0,0.18,6,2,33.3,0.53,0.18,0.0,9,7,10,9,0.7964601769911503,0.6194690265486725,30.6,30.6,28.7,84.8,28.7,92.3,42.9,46.5,65.6,61.3,67.4,28.1,31.9,21.6,39.4,48.1,38.7,14.8
ENG-Premier League,2425,Tottenham Hotspur,Mikey Moore,MF,16,366,4.1,0,1,0.0,0.25,3,1,33.3,0.74,0.25,0.0,1,0,3,7,0.24390243902439027,0.0,4.2,4.7,13.0,35.4,13.0,87.0,4.7,9.4,53.6,19.3,29.9,13.3,3.6,0.5,2.9,13.5,11.2,0.5
ENG-Premier League,2425,Tottenham Hotspur,Pape Matar Sarr,MF,21,1913,21.3,3,2,0.14,0.09,34,13,38.2,1.6,0.61,0.09,27,36,33,35,1.2676056338028168,1.6901408450704225,57.8,58.1,64.8,54.2,57.3,42.7,68.2,74.7,69.8,58.3,62.5,59.1,87.5,83.9,73.7,77.3,86.5,83.9
ENG-Premier League,2425,Tottenham Hotspur,Pedro Porro,DF,24,2610,29.0,2,6,0.07,0.21,39,8,20.5,1.34,0.28,0.05,31,45,25,33,1.0689655172413792,1.5517241379310345,79.4,79.7,86.5,98.7,81.3,94.2,98.1,94.5,37.1,97.4,83.5,60.3,82.9,95.2,81.0,91.9,64.5,83.2
ENG-Premier League,2425,Tottenham Hotspur,Radu Drăgușin,DF,22,1252,13.9,0,0,0.0,0.0,5,1,20.0,0.36,0.07,0.0,13,6,6,10,0.935251798561151,0.4316546762589928,41.9,41.9,28.7,26.8,28.7,26.8,35.2,30.3,33.8,33.5,31.3,28.1,43.2,16.5,19.0,51.9,55.5,4.5
ENG-Premier League,2425,Tottenham Hotspur,Richarlison,FW,27,504,5.6,4,1,0.71,0.18,17,7,41.2,3.04,1.25,0.24,0,3,7,13,0.0,0.5357142857142857,17.9,17.9,43.8,32.1,92.9,67.0,21.4,23.2,58.9,78.6,78.6,96.4,7.1,17.9,18.8,36.6,7.1,55.4
ENG-Premier League,2425,Tottenham Hotspur,Rodrigo Bentancur,MF,27,1645,18.3,2,0,0.11,0.0,22,6,27.3,1.2,0.33,0.09,38,22,34,10,2.0765027322404372,1.2021857923497268,47.9,48.2,53.1,12.8,47.4,12.8,49.7,42.4,32.6,39.8,37.2,59.1,95.8,58.9,75.0,23.7,99.0,57.3
ENG-Premier League,2425,Tottenham Hotspur,Son Heung-min,FW,32,2110,23.4,7,9,0.3,0.38,57,26,45.6,2.43,1.11,0.11,4,9,6,28,0.17094017094017094,0.38461538461538464,64.3,64.3,56.2,96.4,37.5,92.9,67.9,76.8,75.0,53.6,59.8,38.4,58.0,65.2,14.3,72.3,41.1,30.4
ENG-Premier League,2425,Tottenham Hotspur,Timo Werner,FW,28,516,5.7,0,3,0.0,0.52,8,3,37.5,1.4,0.52,0.0,2,4,3,5,0.3508771929824561,0.7017543859649122,19.6,19.6,5.4,65.2,5.4,99.1,5.4,10.7,38.4,5.4,16.1,5.4,34.8,23.2,5.4,10.7,80.4,76.8
ENG-Premier League,2425,Tottenham Hotspur,Wilson Odobert,FW,19,850,9.4,1,0,0.11,0.0,13,4,30.8,1.38,0.42,0.08,4,5,2,3,0.425531914893617,0.5319148936170213,30.4,30.4,14.3,10.7,13.4,10.7,16.1,14.3,17.9,3.6,8.9,26.8,58.0,30.4,3.6,4.5,94.6,53.6
ENG-Premier League,2425,Tottenham Hotspur,Yves Bissouma,MF,27,1408,15.6,2,0,0.13,0.0,11,4,36.4,0.7,0.26,0.18,16,29,29,18,1.0256410256410258,1.858974358974359,40.1,40.1,53.1,12.8,54.2,12.8,21.1,29.7,65.1,18.8,31.0,90.9,67.7,73.4,66.7,42.4,76.0,88.5
ENG-Premier League,2425,West Ham United,Aaron Cresswell,DF,34,824,9.2,0,0,0.0,0.0,5,0,0.0,0.55,0.0,0.0,8,8,4,2,0.8695652173913044,0.8695652173913044,21.9,22.3,28.7,26.8,28.7,26.8,35.2,11.3,10.3,62.6,11.3,28.1,29.0,25.8,10.0,11.0,45.8,39.4
ENG-Premier League,2425,West Ham United,Aaron Wan-Bissaka,DF,26,3154,35.0,2,5,0.06,0.14,16,5,31.3,0.46,0.14,0.13,61,49,25,28,1.7428571428571429,1.4,94.2,93.9,86.5,97.1,76.8,86.8,78.1,79.4,62.3,49.7,54.2,81.5,100.0,97.1,81.0,87.1,96.8,74.8
ENG-Premier League,2425,West Ham United,Alphonse Areola,GK,31,2260,25.1,0,0,0.0,0.0,0,0,,0.0,0.0,,0,2,0,0,0.0,0.0796812749003984,50.0,50.0,51.5,44.1,51.5,44.1,48.5,51.5,,48.5,51.5,,41.2,89.7,32.4,10.3,41.2,88.2
ENG-Premier League,2425,West Ham United,Carlos Soler,MF,27,1409,15.7,1,1,0.06,0.06,25,9,36.0,1.6,0.57,0.04,8,11,26,19,0.5095541401273885,0.7006369426751593,40.6,40.6,36.2,35.4,34.1,33.1,54.7,60.2,62.0,58.3,58.9,29.4,38.0,29.4,62.5,46.6,37.5,23.4
ENG-Premier League,2425,West Ham United,Crysencio Summerville,MF,22,786,8.7,1,1,0.11,0.11,14,5,35.7,1.6,0.57,0.07,0,7,9,23,0.0,0.8045977011494253,20.3,20.3,36.2,35.4,47.4,49.2,30.7,36.5,60.9,58.3,58.9,47.1,1.0,16.4,18.8,54.9,1.0,34.9
ENG-Premier League,2425,West Ham United,Edson Álvarez,MF,26,1772,19.7,0,1,0.0,0.05,12,1,8.3,0.61,0.05,0.0,18,26,42,18,0.9137055837563453,1.3197969543147208,53.4,53.6,13.0,35.4,13.0,29.7,24.5,9.4,6.5,14.1,7.8,13.3,70.3,68.5,83.6,42.4,68.8,65.1
ENG-Premier League,2425,West Ham United,Emerson Palmieri,DF,29,2113,23.5,2,1,0.09,0.04,16,7,43.8,0.68,0.3,0.13,22,31,25,13,0.9361702127659575,1.3191489361702127,67.1,67.1,86.5,66.1,87.7,64.2,78.1,90.6,78.8,73.9,86.5,81.5,66.8,79.0,81.0,64.5,56.1,69.7
ENG-Premier League,2425,West Ham United,Guido Rodríguez,MF,30,1149,12.8,0,1,0.0,0.08,8,1,12.5,0.63,0.08,0.0,13,21,18,12,1.015625,1.640625,33.9,33.9,13.0,35.4,13.0,39.3,13.5,9.4,8.9,15.4,9.4,13.3,60.9,55.5,45.3,28.9,75.5,81.8
ENG-Premier League,2425,West Ham United,James Ward-Prowse,MF,29,1039,11.5,1,1,0.09,0.09,12,4,33.3,1.04,0.35,0.08,8,14,10,4,0.6956521739130435,1.2173913043478262,30.2,30.2,36.2,35.4,41.1,42.7,24.5,29.7,53.6,32.6,39.6,53.9,38.0,38.8,21.1,6.8,52.3,58.9
ENG-Premier League,2425,West Ham United,Jarrod Bowen,MF,27,2973,33.0,13,8,0.39,0.24,87,37,42.5,2.63,1.12,0.14,16,25,20,51,0.48484848484848486,0.7575757575757576,91.1,91.4,97.9,96.1,92.2,85.4,96.9,97.4,79.2,86.5,90.4,79.7,67.7,67.2,50.8,90.4,34.9,27.1
ENG-Premier League,2425,West Ham United,Jean-Clair Todibo,DF,24,1825,20.3,0,0,0.0,0.0,5,0,0.0,0.25,0.0,0.0,23,26,16,6,1.1330049261083743,1.2807881773399015,58.7,58.7,28.7,26.8,28.7,26.8,35.2,11.3,10.3,18.1,11.3,28.1,70.3,69.7,56.1,36.1,69.7,68.4
ENG-Premier League,2425,West Ham United,Konstantinos Mavropanos,DF,26,2045,22.7,0,0,0.0,0.0,18,5,27.8,0.79,0.22,0.0,39,23,17,16,1.7180616740088106,1.013215859030837,64.5,64.5,28.7,26.8,28.7,26.8,83.2,79.4,52.3,81.9,74.5,28.1,92.3,65.2,60.3,70.6,96.1,51.6
ENG-Premier League,2425,West Ham United,Lucas Paquetá,MF,26,2380,26.4,4,0,0.15,0.0,41,6,14.6,1.55,0.23,0.05,17,36,53,62,0.6439393939393939,1.3636363636363638,75.0,75.0,74.0,12.8,59.4,12.8,77.9,42.4,10.9,53.9,27.3,34.1,69.3,83.9,94.3,97.4,50.0,68.2
ENG-Premier League,2425,West Ham United,Max Kilman,DF,27,3348,37.2,0,1,0.0,0.03,13,3,23.1,0.35,0.08,0.0,36,26,23,13,0.9677419354838709,0.6989247311827956,99.4,99.4,28.7,66.1,28.7,57.4,69.7,61.9,41.7,31.9,34.2,28.1,88.7,69.7,75.8,64.5,59.4,21.3
ENG-Premier League,2425,West Ham United,Michail Antonio,FW,34,836,9.3,1,1,0.11,0.11,19,4,21.1,2.05,0.43,0.05,0,2,12,7,0.0,0.2150537634408602,28.6,28.6,14.3,32.1,13.4,43.8,25.0,14.3,8.9,28.6,10.7,15.2,7.1,10.7,33.9,17.0,7.1,12.5
ENG-Premier League,2425,West Ham United,Mohammed Kudus,MF,23,2590,28.8,5,3,0.17,0.1,75,22,29.3,2.61,0.76,0.07,4,23,39,64,0.1388888888888889,0.798611111111111,80.7,80.5,80.2,67.4,63.5,45.6,94.8,90.4,37.0,85.9,74.0,47.1,16.4,63.3,79.7,98.2,4.7,34.4
ENG-Premier League,2425,West Ham United,Niclas Füllkrug,FW,31,790,8.8,3,2,0.34,0.23,16,7,43.8,1.82,0.8,0.19,1,2,21,6,0.11363636363636363,0.22727272727272727,26.8,26.8,34.8,50.9,45.5,81.2,19.6,23.2,67.0,16.1,30.4,83.9,20.5,10.7,55.4,14.3,28.6,16.1
ENG-Premier League,2425,West Ham United,Oliver Scarles,MF,18,665,7.4,0,0,0.0,0.0,3,0,0.0,0.41,0.0,0.0,11,9,5,2,1.4864864864864864,1.2162162162162162,14.1,14.1,13.0,12.8,13.0,12.8,4.7,2.9,2.9,5.5,2.9,13.3,52.9,23.4,6.0,2.3,93.8,58.3
ENG-Premier League,2425,West Ham United,Tomáš Souček,MF,29,2567,28.5,9,1,0.32,0.04,55,18,32.7,1.93,0.63,0.16,20,22,47,25,0.7017543859649122,0.7719298245614035,79.2,78.9,94.0,35.4,86.7,27.3,87.8,86.2,50.5,71.1,64.3,86.2,74.5,58.9,89.1,59.9,53.1,29.2
ENG-Premier League,2425,West Ham United,Vladimír Coufal,DF,31,1067,11.9,0,0,0.0,0.0,7,2,28.6,0.59,0.17,0.0,8,16,22,16,0.6722689075630252,1.3445378151260503,33.5,33.9,28.7,26.8,28.7,26.8,47.7,46.5,54.6,68.1,65.2,28.1,29.0,47.7,72.6,70.6,23.9,71.0
ENG-Premier League,2425,West Ham United,Łukasz Fabiański,GK,39,1160,12.9,0,0,0.0,0.0,0,0,,0.0,0.0,,0,0,2,1,0.0,0.0,38.2,38.2,51.5,44.1,51.5,44.1,48.5,51.5,,48.5,51.5,,41.2,33.8,91.2,29.4,41.2,33.8
ENG-Premier League,2425,Wolves,André,MF,23,2472,27.5,0,0,0.0,0.0,10,1,10.0,0.36,0.04,0.0,37,55,36,34,1.3454545454545455,2.0,77.1,77.1,13.0,12.8,13.0,12.8,18.2,9.4,7.6,4.2,6.2,13.3,95.3,95.8,77.1,75.8,90.6,92.7
ENG-Premier League,2425,Wolves,Craig Dawson,DF,34,971,10.8,0,0,0.0,0.0,5,1,20.0,0.46,0.09,0.0,10,4,6,5,0.9259259259259258,0.37037037037037035,29.0,28.7,28.7,26.8,28.7,26.8,35.2,30.3,33.8,49.7,36.8,28.1,35.5,7.4,19.0,31.0,53.5,3.2
ENG-Premier League,2425,Wolves,Emmanuel Agbadou,DF,27,1410,15.7,1,0,0.06,0.0,7,2,28.6,0.45,0.13,0.14,12,19,8,4,0.7643312101910829,1.2101910828025477,47.1,47.1,68.4,26.8,76.8,26.8,47.7,46.5,54.6,46.8,50.3,83.1,40.3,54.5,28.1,23.9,35.5,63.9
ENG-Premier League,2425,Wolves,Gonçalo Guedes,MF,27,995,11.1,2,4,0.18,0.36,27,8,29.6,2.44,0.72,0.07,3,6,14,17,0.2702702702702703,0.5405405405405406,29.7,29.7,53.1,76.3,66.1,94.8,58.3,55.2,37.8,84.6,71.9,47.1,12.0,14.8,31.5,38.5,14.6,15.1
ENG-Premier League,2425,Wolves,Hwang Hee-chan,MF,28,661,7.3,2,0,0.27,0.0,5,3,60.0,0.68,0.41,0.4,3,4,6,9,0.4109589041095891,0.547945205479452,13.5,13.5,53.1,12.8,80.2,12.8,7.3,22.7,97.4,16.9,46.4,100.0,12.0,7.6,8.9,20.1,26.0,15.6
ENG-Premier League,2425,Wolves,Jean-Ricner Bellegarde,MF,26,1677,18.6,2,7,0.11,0.38,22,5,22.7,1.18,0.27,0.09,8,23,31,46,0.4301075268817204,1.2365591397849462,50.0,50.0,53.1,92.2,47.4,96.4,49.7,36.5,24.0,38.5,31.8,59.1,38.0,63.3,70.8,85.9,27.1,59.9
ENG-Premier League,2425,Wolves,José Sá,GK,31,2609,29.0,0,0,0.0,0.0,0,0,,0.0,0.0,,0,2,4,9,0.0,0.06896551724137931,64.7,64.7,51.5,44.1,51.5,44.1,48.5,51.5,,48.5,51.5,,41.2,89.7,100.0,97.1,41.2,85.3
ENG-Premier League,2425,Wolves,João Gomes,MF,23,2974,33.0,3,1,0.09,0.03,35,7,20.0,1.06,0.21,0.09,25,78,70,46,0.7575757575757576,2.3636363636363638,91.7,91.4,64.8,35.4,41.1,26.0,69.8,49.2,17.7,33.9,23.7,59.1,82.8,100.0,99.5,85.9,57.8,97.4
ENG-Premier League,2425,Wolves,Jørgen Strand Larsen,FW,24,2587,28.7,14,4,0.49,0.14,54,34,63.0,1.88,1.18,0.26,5,7,46,19,0.17421602787456447,0.24390243902439024,85.7,85.7,90.2,77.7,83.0,56.2,63.4,89.3,100.0,23.2,68.8,100.0,71.4,47.3,96.4,53.6,44.6,19.6
ENG-Premier League,2425,Wolves,Mario Lemina,MF,30,1364,15.2,1,3,0.07,0.2,18,5,27.8,1.19,0.33,0.06,26,33,17,8,1.7105263157894737,2.1710526315789473,39.1,39.3,36.2,67.4,36.7,76.6,41.1,36.5,33.3,39.1,37.2,40.1,84.9,80.2,42.2,16.7,97.9,94.8
ENG-Premier League,2425,Wolves,Marshall Munetsi,MF,28,1078,12.0,2,1,0.17,0.08,22,7,31.8,1.84,0.58,0.09,6,11,18,10,0.5,0.9166666666666666,31.2,31.2,53.1,35.4,63.5,39.3,49.7,49.2,47.7,67.4,60.4,59.1,26.8,29.4,45.3,23.7,36.7,37.0
ENG-Premier League,2425,Wolves,Matheus Cunha,MF,25,2597,28.9,15,6,0.52,0.21,110,44,40.0,3.81,1.52,0.14,14,23,43,71,0.4844290657439447,0.795847750865052,81.2,81.8,98.7,86.7,96.9,79.4,98.4,99.0,74.5,98.4,99.0,79.7,64.8,63.3,84.6,99.5,33.9,33.3
ENG-Premier League,2425,Wolves,Matt Doherty,DF,32,2109,23.4,2,1,0.09,0.04,10,3,30.0,0.43,0.13,0.2,22,21,18,11,0.9401709401709403,0.8974358974358975,66.5,66.5,86.5,66.1,87.7,64.2,58.7,61.9,58.9,43.2,50.3,88.4,66.8,61.0,63.5,56.8,56.8,41.3
ENG-Premier League,2425,Wolves,Nélson Semedo,MF,30,2886,32.1,0,4,0.0,0.12,18,7,38.9,0.56,0.22,0.0,23,38,48,30,0.7165109034267912,1.1838006230529594,88.5,88.5,13.0,76.3,13.0,53.4,41.1,49.2,72.4,11.7,25.0,13.3,81.2,86.5,90.9,69.5,55.2,55.7
ENG-Premier League,2425,Wolves,Pablo Sarabia,MF,32,814,9.0,3,2,0.33,0.22,17,8,47.1,1.88,0.88,0.18,4,9,16,15,0.4444444444444444,1.0,22.4,22.1,64.8,54.2,87.8,81.2,38.5,55.2,87.8,68.8,81.0,90.9,16.4,23.4,38.5,34.9,27.9,45.1
ENG-Premier League,2425,Wolves,Rayan Aït-Nouri,MF,23,3109,34.5,4,7,0.12,0.2,36,13,36.1,1.04,0.38,0.11,24,55,30,46,0.6956521739130435,1.5942028985507246,95.3,95.3,74.0,92.2,50.8,76.6,71.1,74.7,62.8,32.6,42.7,68.8,81.8,95.8,68.8,85.9,52.3,80.2
ENG-Premier League,2425,Wolves,Rodrigo Gomes,MF,21,810,9.0,2,0,0.22,0.0,7,3,42.9,0.78,0.33,0.29,6,14,4,6,0.6666666666666666,1.5555555555555556,21.9,22.1,53.1,12.8,71.4,12.8,11.2,22.7,81.2,21.9,37.2,98.7,26.8,38.8,4.2,11.5,51.0,78.1
ENG-Premier League,2425,Wolves,Sam Johnstone,GK,31,630,7.0,0,0,0.0,0.0,0,0,,0.0,0.0,,0,0,0,0,0.0,0.0,20.6,20.6,51.5,44.1,51.5,44.1,48.5,51.5,,48.5,51.5,,41.2,33.8,32.4,10.3,41.2,33.8
ENG-Premier League,2425,Wolves,Santiago Bueno,DF,25,1687,18.7,0,0,0.0,0.0,6,3,50.0,0.32,0.16,0.0,13,20,27,5,0.6951871657754011,1.0695187165775402,52.9,52.9,28.7,26.8,28.7,26.8,42.9,61.9,88.1,25.2,61.3,28.1,43.2,58.1,85.2,31.0,26.5,53.5
ENG-Premier League,2425,Wolves,Tommy Doyle,MF,22,488,5.4,0,1,0.0,0.18,9,2,22.2,1.66,0.37,0.0,5,7,5,5,0.9259259259259258,1.2962962962962963,8.3,7.8,13.0,35.4,13.0,71.4,15.1,16.4,22.7,60.7,41.7,13.3,21.9,16.4,6.0,9.4,70.8,63.5
ENG-Premier League,2425,Wolves,Toti Gomes,DF,25,2614,29.0,0,1,0.0,0.03,7,3,42.9,0.24,0.1,0.0,26,43,24,15,0.896551724137931,1.4827586206896552,80.0,79.7,28.7,66.1,28.7,57.4,47.7,61.9,77.5,16.8,39.7,28.1,77.1,93.5,78.7,68.1,49.0,78.7
ENG-Premier League,2425,Wolves,Yerson Mosquera,DF,23,441,4.9,0,0,0.0,0.0,2,0,0.0,0.41,0.0,0.0,10,6,6,7,2.0408163265306123,1.2244897959183672,11.0,11.0,28.7,26.8,28.7,26.8,15.5,11.3,10.3,40.0,11.3,28.1,35.5,16.5,19.0,41.0,100.0,65.2
